punto,zona_id,ciudad,bodega_id,pedidos,tiempo_entrega_dias,costo_distribucion_cop_pedido
P1,Z001,Bogotá,B001,3724.0,0.84,3069.0
P1,Z002,Bogotá,B001,4776.0,0.75,3082.0
P1,Z003,Bogotá,B001,4567.0,0.7,3147.0
P1,Z004,Bogotá,B001,3022.0,0.88,3037.0
P1,Z005,Bogotá,B001,3288.0,0.67,3084.0
P1,Z006,Bogotá,B001,3674.0,0.86,3035.0
P1,Z007,Bogotá,B001,5020.0,0.78,3075.0
P1,Z008,Bogotá,B001,4096.0,0.83,3089.0
P1,Z009,Bogotá,B001,3511.0,0.7,3072.0
P1,Z010,Bogotá,B001,4322.0,0.74,3030.0
P1,Z021,Cali,B001,0.2544767664146548,2.05,11183.0
P1,Z024,Cali,B001,1239.0000000000002,1.99,9902.0
P1,Z030,Cali,B001,1492.0,2.22,11170.0
P1,Z011,Medellín,B012,2129.0,0.8,3152.0
P1,Z012,Medellín,B012,2718.0,0.78,3213.0
P1,Z013,Medellín,B012,2217.0,0.88,3142.0
P1,Z014,Medellín,B012,3004.0,0.74,3203.0
P1,Z015,Medellín,B012,1746.0,0.71,3046.0
P1,Z016,Medellín,B012,3049.0,0.88,3111.0
P1,Z017,Medellín,B012,1441.0,0.72,3044.0
P1,Z018,Medellín,B012,1718.0,0.7,3204.0
P1,Z019,Medellín,B012,1640.0,0.81,3102.0
P1,Z020,Medellín,B012,2338.0,0.7,3166.0
P1,Z021,Cali,B012,2043.7455232335853,2.16,13084.0
P1,Z022,Cali,B012,1415.9999999999984,2.17,12094.0
P1,Z023,Cali,B012,2254.0,2.27,11225.0
P1,Z025,Cali,B012,2162.0000000000127,2.19,11535.0
P1,Z026,Cali,B012,1683.0,2.25,12651.0
P1,Z027,Cali,B012,1406.0,2.29,11990.0
P1,Z028,Cali,B012,1904.9999999999995,2.25,10691.0
P1,Z029,Cali,B012,1398.9999999999945,2.24,12246.0
P1,Z031,Barranquilla,B012,862.0,2.82,14878.0
P1,Z032,Barranquilla,B012,1052.0,2.68,18205.0
P1,Z033,Barranquilla,B012,1111.0,2.85,15805.0
P1,Z034,Barranquilla,B012,741.0,2.86,16817.0
P1,Z035,Barranquilla,B012,1160.0,2.98,17768.0
P1,Z036,Barranquilla,B012,766.0,2.75,16773.0
P1,Z037,Barranquilla,B012,657.0,2.83,13949.0
P1,Z038,Barranquilla,B012,678.0,2.95,17961.0
P1,Z039,Barranquilla,B012,1309.0,2.91,17546.0
P1,Z040,Barranquilla,B012,664.0,2.99,15030.0
P1,Z041,Bucaramanga,B012,913.0,1.99,10644.0
P1,Z042,Bucaramanga,B012,698.0,2.05,10793.0
P1,Z043,Bucaramanga,B012,753.0,1.93,11355.0
P1,Z044,Bucaramanga,B012,770.0,2.05,12126.0
P1,Z045,Bucaramanga,B012,697.0,2.07,11197.0
P1,Z046,Bucaramanga,B012,725.0,1.94,10309.0
P1,Z047,Bucaramanga,B012,694.0,2.04,9691.0
P1,Z048,Bucaramanga,B012,574.0,2.02,11519.0
P1,Z049,Bucaramanga,B012,553.0,2.02,12249.0
P1,Z050,Bucaramanga,B012,623.0,2.06,11754.0
P1,Z051,Pereira,B012,435.0,1.49,8199.0
P1,Z052,Pereira,B012,583.9999999999997,1.6,8475.0
P1,Z053,Pereira,B012,475.0,1.57,8018.0
P1,Z054,Pereira,B012,491.0,1.57,8975.0
P1,Z055,Pereira,B012,510.0,1.73,9758.0
P1,Z056,Pereira,B012,346.0,1.5,9151.0
P1,Z057,Pereira,B012,543.0,1.67,9284.0
P1,Z058,Pereira,B012,686.0,1.47,8300.0
P1,Z059,Pereira,B012,467.0,1.62,7472.0
P1,Z060,Pereira,B012,462.9999999999996,1.7,8353.0
P2,Z001,Bogotá,B001,3724.0,0.84,3069.0
P2,Z002,Bogotá,B001,4776.0,0.75,3082.0
P2,Z003,Bogotá,B001,4567.0,0.7,3147.0
P2,Z004,Bogotá,B001,3022.0,0.88,3037.0
P2,Z005,Bogotá,B001,3288.0,0.67,3084.0
P2,Z006,Bogotá,B001,3674.0,0.86,3035.0
P2,Z007,Bogotá,B001,5020.0,0.78,3075.0
P2,Z008,Bogotá,B001,4096.0,0.83,3089.0
P2,Z009,Bogotá,B001,3511.0,0.7,3072.0
P2,Z010,Bogotá,B001,4322.0,0.74,3030.0
P2,Z011,Medellín,B012,2129.0,0.8,3152.0
P2,Z012,Medellín,B012,2718.0,0.78,3213.0
P2,Z013,Medellín,B012,2217.0,0.88,3142.0
P2,Z014,Medellín,B012,3004.0,0.74,3203.0
P2,Z015,Medellín,B012,1746.0,0.71,3046.0
P2,Z016,Medellín,B012,3049.0,0.88,3111.0
P2,Z017,Medellín,B012,1441.0,0.72,3044.0
P2,Z018,Medellín,B012,1718.0,0.7,3204.0
P2,Z019,Medellín,B012,1640.0,0.81,3102.0
P2,Z020,Medellín,B012,2338.0,0.7,3166.0
P2,Z031,Barranquilla,B012,862.0,2.82,14878.0
P2,Z032,Barranquilla,B012,1052.0,2.68,18205.0
P2,Z033,Barranquilla,B012,1111.0,2.85,15805.0
P2,Z034,Barranquilla,B012,741.0,2.86,16817.0
P2,Z035,Barranquilla,B012,1160.0,2.98,17768.0
P2,Z036,Barranquilla,B012,766.0,2.75,16773.0
P2,Z037,Barranquilla,B012,657.0,2.83,13949.0
P2,Z038,Barranquilla,B012,677.9999999999991,2.95,17961.0
P2,Z039,Barranquilla,B012,1309.0,2.91,17546.0
P2,Z040,Barranquilla,B012,664.0,2.99,15030.0
P2,Z041,Bucaramanga,B012,913.0,1.99,10644.0
P2,Z042,Bucaramanga,B012,698.0,2.05,10793.0
P2,Z043,Bucaramanga,B012,753.0,1.93,11355.0
P2,Z044,Bucaramanga,B012,770.0,2.05,12126.0
P2,Z045,Bucaramanga,B012,697.0,2.07,11197.0
P2,Z046,Bucaramanga,B012,725.0,1.94,10309.0
P2,Z047,Bucaramanga,B012,694.0,2.04,9691.0
P2,Z048,Bucaramanga,B012,574.0,2.02,11519.0
P2,Z049,Bucaramanga,B012,553.0,2.02,12249.0
P2,Z050,Bucaramanga,B012,623.0,2.06,11754.0
P2,Z051,Pereira,B012,435.0,1.49,8199.0
P2,Z054,Pereira,B012,2.019874553661168,1.57,8975.0
P2,Z059,Pereira,B012,467.0,1.62,7472.0
P2,Z021,Cali,B013,2044.0,0.68,3220.0
P2,Z022,Cali,B013,1416.0,0.77,3138.0
P2,Z023,Cali,B013,2254.0,0.87,3084.0
P2,Z024,Cali,B013,1239.0,0.76,3058.0
P2,Z025,Cali,B013,2162.0,0.67,3022.0
P2,Z026,Cali,B013,1683.0,0.86,3088.0
P2,Z027,Cali,B013,1406.0,0.67,3071.0
P2,Z028,Cali,B013,1905.0,0.9,3249.0
P2,Z029,Cali,B013,1399.0,0.72,3115.0
P2,Z030,Cali,B013,1491.9999999999563,0.82,3164.0
P2,Z052,Pereira,B013,584.0000000002464,1.65,8011.0
P2,Z053,Pereira,B013,475.0,1.59,7686.0
P2,Z054,Pereira,B013,488.98012544633883,1.61,9166.0
P2,Z055,Pereira,B013,510.0,1.68,7804.0
P2,Z056,Pereira,B013,346.0,1.61,8603.0
P2,Z057,Pereira,B013,543.0,1.52,8448.0
P2,Z058,Pereira,B013,686.0,1.58,7938.0
P2,Z060,Pereira,B013,463.0,1.7,7664.0
P3,Z001,Bogotá,B001,3724.0,0.84,3069.0
P3,Z002,Bogotá,B001,4776.0,0.75,3082.0
P3,Z003,Bogotá,B001,4567.0,0.7,3147.0
P3,Z004,Bogotá,B001,3022.0,0.88,3037.0
P3,Z005,Bogotá,B001,3288.0,0.67,3084.0
P3,Z006,Bogotá,B001,3674.0,0.86,3035.0
P3,Z007,Bogotá,B001,5020.0,0.78,3075.0
P3,Z008,Bogotá,B001,4096.0,0.83,3089.0
P3,Z009,Bogotá,B001,3511.0,0.7,3072.0
P3,Z010,Bogotá,B001,4322.0,0.74,3030.0
P3,Z011,Medellín,B012,2129.0000000000014,0.8,3152.0
P3,Z012,Medellín,B012,2718.000000000002,0.78,3213.0
P3,Z013,Medellín,B012,2217.0,0.88,3142.0
P3,Z014,Medellín,B012,3004.000000000002,0.74,3203.0
P3,Z015,Medellín,B012,1746.0000000000011,0.71,3046.0
P3,Z016,Medellín,B012,3049.000000000002,0.88,3111.0
P3,Z017,Medellín,B012,1441.000000000001,0.72,3044.0
P3,Z018,Medellín,B012,1718.0000000000011,0.7,3204.0
P3,Z019,Medellín,B012,1640.0000000000011,0.81,3102.0
P3,Z020,Medellín,B012,2338.0000000000014,0.7,3166.0
P3,Z031,Barranquilla,B012,862.0,2.82,14878.0
P3,Z032,Barranquilla,B012,1052.0,2.68,18205.0
P3,Z033,Barranquilla,B012,1111.0,2.85,15805.0
P3,Z034,Barranquilla,B012,741.0,2.86,16817.0
P3,Z035,Barranquilla,B012,1160.0,2.98,17768.0
P3,Z036,Barranquilla,B012,766.0,2.75,16773.0
P3,Z037,Barranquilla,B012,657.0,2.83,13949.0
P3,Z038,Barranquilla,B012,678.0,2.95,17961.0
P3,Z039,Barranquilla,B012,1309.000000000001,2.91,17546.0
P3,Z040,Barranquilla,B012,664.0,2.99,15030.0
P3,Z041,Bucaramanga,B012,913.0000000000006,1.99,10644.0
P3,Z042,Bucaramanga,B012,698.0,2.05,10793.0
P3,Z043,Bucaramanga,B012,753.0000000000005,1.93,11355.0
P3,Z044,Bucaramanga,B012,770.0000000000006,2.05,12126.0
P3,Z045,Bucaramanga,B012,697.0,2.07,11197.0
P3,Z046,Bucaramanga,B012,725.0000000000005,1.94,10309.0
P3,Z047,Bucaramanga,B012,694.0,2.04,9691.0
P3,Z048,Bucaramanga,B012,574.0,2.02,11519.0
P3,Z049,Bucaramanga,B012,553.0,2.02,12249.0
P3,Z050,Bucaramanga,B012,623.0,2.06,11754.0
P3,Z051,Pereira,B012,435.0,1.49,8199.0
P3,Z054,Pereira,B012,491.0,1.57,8975.0
P3,Z056,Pereira,B012,283.5060678247267,1.5,9151.0
P3,Z058,Pereira,B012,686.0,1.47,8300.0
P3,Z059,Pereira,B012,467.0,1.62,7472.0
P3,Z021,Cali,B013,2044.0,0.68,3220.0
P3,Z022,Cali,B013,1416.0,0.77,3138.0
P3,Z023,Cali,B013,2254.0,0.87,3084.0
P3,Z024,Cali,B013,1239.0,0.76,3058.0
P3,Z025,Cali,B013,2162.0,0.67,3022.0
P3,Z026,Cali,B013,1683.0,0.86,3088.0
P3,Z027,Cali,B013,1406.0,0.67,3071.0
P3,Z028,Cali,B013,1905.0,0.9,3249.0
P3,Z029,Cali,B013,1399.0,0.72,3115.0
P3,Z030,Cali,B013,1492.0,0.82,3164.0
P3,Z052,Pereira,B013,584.0000000000005,1.65,8011.0
P3,Z053,Pereira,B013,475.0,1.59,7686.0
P3,Z055,Pereira,B013,510.0,1.68,7804.0
P3,Z056,Pereira,B013,62.493932175273386,1.61,8603.0
P3,Z057,Pereira,B013,542.9999999999973,1.52,8448.0
P3,Z060,Pereira,B013,463.0,1.7,7664.0
P4,Z001,Bogotá,B001,3724.0,0.84,3069.0
P4,Z002,Bogotá,B001,4776.0,0.75,3082.0
P4,Z003,Bogotá,B001,4567.0,0.7,3147.0
P4,Z004,Bogotá,B001,3022.0,0.88,3037.0
P4,Z005,Bogotá,B001,3288.0,0.67,3084.0
P4,Z006,Bogotá,B001,3674.0,0.86,3035.0
P4,Z007,Bogotá,B001,5020.0,0.78,3075.0
P4,Z008,Bogotá,B001,4096.0,0.83,3089.0
P4,Z009,Bogotá,B001,3511.0,0.7,3072.0
P4,Z010,Bogotá,B001,4322.0,0.74,3030.0
P4,Z050,Bucaramanga,B001,623.0,1.92,10479.0
P4,Z011,Medellín,B012,2128.9999999999995,0.8,3152.0
P4,Z012,Medellín,B012,2717.9999999999995,0.78,3213.0
P4,Z013,Medellín,B012,2216.9999999999995,0.88,3142.0
P4,Z014,Medellín,B012,3003.9999999999995,0.74,3203.0
P4,Z015,Medellín,B012,1745.9999999999995,0.71,3046.0
P4,Z016,Medellín,B012,3048.9999999999995,0.88,3111.0
P4,Z017,Medellín,B012,1440.9999999999998,0.72,3044.0
P4,Z018,Medellín,B012,1717.9999999999995,0.7,3204.0
P4,Z019,Medellín,B012,1639.9999999999995,0.81,3102.0
P4,Z020,Medellín,B012,2337.9999999999995,0.7,3166.0
P4,Z031,Barranquilla,B012,862.0,2.82,14878.0
P4,Z032,Barranquilla,B012,1052.0,2.68,18205.0
P4,Z033,Barranquilla,B012,1111.0,2.85,15805.0
P4,Z034,Barranquilla,B012,741.0,2.86,16817.0
P4,Z035,Barranquilla,B012,1160.0,2.98,17768.0
P4,Z036,Barranquilla,B012,766.0,2.75,16773.0
P4,Z037,Barranquilla,B012,657.0,2.83,13949.0
P4,Z038,Barranquilla,B012,678.0,2.95,17961.0
P4,Z039,Barranquilla,B012,1309.0,2.91,17546.0
P4,Z040,Barranquilla,B012,664.0,2.99,15030.0
P4,Z041,Bucaramanga,B012,913.0,1.99,10644.0
P4,Z042,Bucaramanga,B012,698.0,2.05,10793.0
P4,Z043,Bucaramanga,B012,753.0,1.93,11355.0
P4,Z044,Bucaramanga,B012,770.0,2.05,12126.0
P4,Z045,Bucaramanga,B012,697.0,2.07,11197.0
P4,Z046,Bucaramanga,B012,725.0,1.94,10309.0
P4,Z047,Bucaramanga,B012,694.0,2.04,9691.0
P4,Z048,Bucaramanga,B012,574.0,2.02,11519.0
P4,Z049,Bucaramanga,B012,553.0,2.02,12249.0
P4,Z051,Pereira,B012,435.0,1.49,8199.0
P4,Z052,Pereira,B012,584.0,1.6,8475.0
P4,Z053,Pereira,B012,143.66729866501555,1.57,8018.0
P4,Z054,Pereira,B012,491.0000000000003,1.57,8975.0
P4,Z056,Pereira,B012,345.99999999999994,1.5,9151.0
P4,Z058,Pereira,B012,685.9999999999999,1.47,8300.0
P4,Z059,Pereira,B012,467.0,1.62,7472.0
P4,Z021,Cali,B013,2044.0,0.68,3220.0
P4,Z022,Cali,B013,1416.0,0.77,3138.0
P4,Z023,Cali,B013,2254.0,0.87,3084.0
P4,Z024,Cali,B013,1239.0,0.76,3058.0
P4,Z025,Cali,B013,2162.0,0.67,3022.0
P4,Z026,Cali,B013,1683.0,0.86,3088.0
P4,Z027,Cali,B013,1406.0,0.67,3071.0
P4,Z028,Cali,B013,1905.0,0.9,3249.0
P4,Z029,Cali,B013,1399.0,0.72,3115.0
P4,Z030,Cali,B013,1492.0,0.82,3164.0
P4,Z053,Pereira,B013,331.3327013349633,1.59,7686.0
P4,Z055,Pereira,B013,510.0,1.68,7804.0
P4,Z057,Pereira,B013,543.0,1.52,8448.0
P4,Z060,Pereira,B013,463.0,1.7,7664.0
P5,Z001,Bogotá,B001,3724.0,0.84,3069.0
P5,Z002,Bogotá,B001,4776.000000000022,0.75,3082.0
P5,Z003,Bogotá,B001,4567.0,0.7,3147.0
P5,Z004,Bogotá,B001,3022.0,0.88,3037.0
P5,Z005,Bogotá,B001,3288.0,0.67,3084.0
P5,Z006,Bogotá,B001,3674.0,0.86,3035.0
P5,Z007,Bogotá,B001,5020.0,0.78,3075.0
P5,Z008,Bogotá,B001,4096.0,0.83,3089.0
P5,Z009,Bogotá,B001,3511.0,0.7,3072.0
P5,Z010,Bogotá,B001,4322.0,0.74,3030.0
P5,Z011,Medellín,B012,2129.0,0.8,3152.0
P5,Z012,Medellín,B012,2718.0,0.78,3213.0
P5,Z013,Medellín,B012,2217.0,0.88,3142.0
P5,Z014,Medellín,B012,3004.0,0.74,3203.0
P5,Z015,Medellín,B012,1746.0,0.71,3046.0
P5,Z016,Medellín,B012,3049.0,0.88,3111.0
P5,Z017,Medellín,B012,1441.0,0.72,3044.0
P5,Z018,Medellín,B012,1718.0,0.7,3204.0
P5,Z019,Medellín,B012,1640.0,0.81,3102.0
P5,Z020,Medellín,B012,2338.0,0.7,3166.0
P5,Z031,Barranquilla,B012,862.0,2.82,14878.0
P5,Z032,Barranquilla,B012,1052.0,2.68,18205.0
P5,Z033,Barranquilla,B012,1111.0,2.85,15805.0
P5,Z034,Barranquilla,B012,741.0,2.86,16817.0
P5,Z035,Barranquilla,B012,1160.000000000001,2.98,17768.0
P5,Z036,Barranquilla,B012,766.0,2.75,16773.0
P5,Z037,Barranquilla,B012,657.0,2.83,13949.0
P5,Z038,Barranquilla,B012,678.0000000000001,2.95,17961.0
P5,Z039,Barranquilla,B012,1309.0,2.91,17546.0
P5,Z040,Barranquilla,B012,664.0,2.99,15030.0
P5,Z041,Bucaramanga,B012,913.0,1.99,10644.0
P5,Z042,Bucaramanga,B012,698.0,2.05,10793.0
P5,Z043,Bucaramanga,B012,753.0,1.93,11355.0
P5,Z044,Bucaramanga,B012,770.0,2.05,12126.0
P5,Z045,Bucaramanga,B012,697.0,2.07,11197.0
P5,Z046,Bucaramanga,B012,725.0,1.94,10309.0
P5,Z047,Bucaramanga,B012,694.0,2.04,9691.0
P5,Z048,Bucaramanga,B012,574.0,2.02,11519.0
P5,Z049,Bucaramanga,B012,553.0,2.02,12249.0
P5,Z050,Bucaramanga,B012,623.0,2.06,11754.0
P5,Z051,Pereira,B012,435.0,1.49,8199.0
P5,Z052,Pereira,B012,584.0,1.6,8475.0
P5,Z053,Pereira,B012,475.0,1.57,8018.0
P5,Z054,Pereira,B012,491.0,1.57,8975.0
P5,Z057,Pereira,B012,543.0,1.67,9284.0
P5,Z058,Pereira,B012,686.0000000003034,1.47,8300.0
P5,Z059,Pereira,B012,467.0,1.62,7472.0
P5,Z060,Pereira,B012,462.36494158509447,1.7,8353.0
P5,Z021,Cali,B015,2044.0,0.83,3191.0
P5,Z022,Cali,B015,1416.0,0.75,3253.0
P5,Z023,Cali,B015,2254.0,0.74,3127.0
P5,Z024,Cali,B015,1239.0,0.75,3051.0
P5,Z025,Cali,B015,2162.0,0.73,3026.0
P5,Z026,Cali,B015,1683.0,0.84,3099.0
P5,Z027,Cali,B015,1406.0,0.71,3073.0
P5,Z028,Cali,B015,1905.0,0.7,3136.0
P5,Z029,Cali,B015,1399.0,0.72,3043.0
P5,Z030,Cali,B015,1492.0,0.68,3181.0
P5,Z055,Pereira,B015,510.0,1.49,8039.0
P5,Z056,Pereira,B015,346.0,1.54,8152.0
P5,Z060,Pereira,B015,0.6350584149055294,1.59,8143.0
P6,Z001,Bogotá,B001,3724.0,0.84,3069.0
P6,Z002,Bogotá,B001,4775.999999999996,0.75,3082.0
P6,Z003,Bogotá,B001,4567.0,0.7,3147.0
P6,Z004,Bogotá,B001,3022.0,0.88,3037.0
P6,Z005,Bogotá,B001,3288.0,0.67,3084.0
P6,Z006,Bogotá,B001,3674.0,0.86,3035.0
P6,Z007,Bogotá,B001,5020.0,0.78,3075.0
P6,Z008,Bogotá,B001,4096.0,0.83,3089.0
P6,Z009,Bogotá,B001,3511.0,0.7,3072.0
P6,Z010,Bogotá,B001,4322.0,0.74,3030.0
P6,Z011,Medellín,B012,2129.0,0.8,3152.0
P6,Z012,Medellín,B012,2718.0,0.78,3213.0
P6,Z013,Medellín,B012,2217.0,0.88,3142.0
P6,Z014,Medellín,B012,3004.0,0.74,3203.0
P6,Z015,Medellín,B012,1746.0,0.71,3046.0
P6,Z016,Medellín,B012,3049.0,0.88,3111.0
P6,Z017,Medellín,B012,1441.0,0.72,3044.0
P6,Z018,Medellín,B012,1718.0,0.7,3204.0
P6,Z019,Medellín,B012,1640.0,0.81,3102.0
P6,Z020,Medellín,B012,2338.0,0.7,3166.0
P6,Z031,Barranquilla,B012,862.0,2.82,14878.0
P6,Z032,Barranquilla,B012,1052.0,2.68,18205.0
P6,Z033,Barranquilla,B012,1111.0,2.85,15805.0
P6,Z034,Barranquilla,B012,741.0,2.86,16817.0
P6,Z035,Barranquilla,B012,1160.0,2.98,17768.0
P6,Z036,Barranquilla,B012,766.0,2.75,16773.0
P6,Z037,Barranquilla,B012,657.0,2.83,13949.0
P6,Z038,Barranquilla,B012,678.0,2.95,17961.0
P6,Z039,Barranquilla,B012,1309.0,2.91,17546.0
P6,Z040,Barranquilla,B012,664.0,2.99,15030.0
P6,Z041,Bucaramanga,B012,913.0,1.99,10644.0
P6,Z042,Bucaramanga,B012,698.0,2.05,10793.0
P6,Z043,Bucaramanga,B012,753.0,1.93,11355.0
P6,Z044,Bucaramanga,B012,770.0,2.05,12126.0
P6,Z045,Bucaramanga,B012,697.0,2.07,11197.0
P6,Z046,Bucaramanga,B012,725.0,1.94,10309.0
P6,Z047,Bucaramanga,B012,694.0,2.04,9691.0
P6,Z048,Bucaramanga,B012,574.0,2.02,11519.0
P6,Z049,Bucaramanga,B012,552.9999999999966,2.02,12249.0
P6,Z050,Bucaramanga,B012,623.0,2.06,11754.0
P6,Z051,Pereira,B012,435.0,1.49,8199.0
P6,Z052,Pereira,B012,584.0,1.6,8475.0
P6,Z053,Pereira,B012,475.0,1.57,8018.0
P6,Z054,Pereira,B012,491.0,1.57,8975.0
P6,Z057,Pereira,B012,18.101476521542782,1.67,9284.0
P6,Z058,Pereira,B012,686.0,1.47,8300.0
P6,Z059,Pereira,B012,467.0,1.62,7472.0
P6,Z021,Cali,B015,2044.0,0.83,3191.0
P6,Z022,Cali,B015,1416.0,0.75,3253.0
P6,Z023,Cali,B015,2254.0,0.74,3127.0
P6,Z024,Cali,B015,1239.0,0.75,3051.0
P6,Z025,Cali,B015,2162.0,0.73,3026.0
P6,Z026,Cali,B015,1683.0,0.84,3099.0
P6,Z027,Cali,B015,1406.0,0.71,3073.0
P6,Z028,Cali,B015,1905.0,0.7,3136.0
P6,Z029,Cali,B015,1399.0,0.72,3043.0
P6,Z030,Cali,B015,1492.0,0.68,3181.0
P6,Z055,Pereira,B015,510.0,1.49,8039.0
P6,Z056,Pereira,B015,346.0,1.54,8152.0
P6,Z057,Pereira,B015,524.8985234784573,1.59,9300.0
P6,Z060,Pereira,B015,463.0,1.59,8143.0
P7,Z001,Bogotá,B001,3724.0,0.84,3069.0
P7,Z002,Bogotá,B001,4776.000000000018,0.75,3082.0
P7,Z003,Bogotá,B001,4567.0,0.7,3147.0
P7,Z004,Bogotá,B001,3022.0,0.88,3037.0
P7,Z005,Bogotá,B001,3288.0,0.67,3084.0
P7,Z006,Bogotá,B001,3674.0,0.86,3035.0
P7,Z007,Bogotá,B001,5020.0,0.78,3075.0
P7,Z008,Bogotá,B001,4096.0,0.83,3089.0
P7,Z009,Bogotá,B001,3511.0,0.7,3072.0
P7,Z010,Bogotá,B001,4322.0,0.74,3030.0
P7,Z050,Bucaramanga,B001,623.0,1.92,10479.0
P7,Z011,Medellín,B012,2128.999999999997,0.8,3152.0
P7,Z012,Medellín,B012,2717.999999999996,0.78,3213.0
P7,Z013,Medellín,B012,2217.0,0.88,3142.0
P7,Z014,Medellín,B012,3003.9999999999955,0.74,3203.0
P7,Z015,Medellín,B012,1745.9999999999973,0.71,3046.0
P7,Z016,Medellín,B012,3048.9999999999955,0.88,3111.0
P7,Z017,Medellín,B012,1440.9999999999977,0.72,3044.0
P7,Z018,Medellín,B012,1717.9999999999973,0.7,3204.0
P7,Z019,Medellín,B012,1639.9999999999975,0.81,3102.0
P7,Z020,Medellín,B012,2337.9999999999964,0.7,3166.0
P7,Z031,Barranquilla,B012,861.9999999999837,2.82,14878.0
P7,Z032,Barranquilla,B012,1052.0000000000005,2.68,18205.0
P7,Z033,Barranquilla,B012,1110.9999999999982,2.85,15805.0
P7,Z034,Barranquilla,B012,741.0,2.86,16817.0
P7,Z035,Barranquilla,B012,1160.0000000000032,2.98,17768.0
P7,Z036,Barranquilla,B012,766.0,2.75,16773.0
P7,Z037,Barranquilla,B012,657.0,2.83,13949.0
P7,Z038,Barranquilla,B012,678.0,2.95,17961.0
P7,Z039,Barranquilla,B012,1309.0,2.91,17546.0
P7,Z040,Barranquilla,B012,664.0,2.99,15030.0
P7,Z041,Bucaramanga,B012,912.9999999999986,1.99,10644.0
P7,Z042,Bucaramanga,B012,697.9999999999989,2.05,10793.0
P7,Z043,Bucaramanga,B012,752.9999999999989,1.93,11355.0
P7,Z044,Bucaramanga,B012,770.0,2.05,12126.0
P7,Z045,Bucaramanga,B012,697.0,2.07,11197.0
P7,Z046,Bucaramanga,B012,724.9999999999989,1.94,10309.0
P7,Z047,Bucaramanga,B012,694.0,2.04,9691.0
P7,Z048,Bucaramanga,B012,573.9999999999991,2.02,11519.0
P7,Z049,Bucaramanga,B012,553.0,2.02,12249.0
P7,Z051,Pereira,B012,434.9999999999993,1.49,8199.0
P7,Z052,Pereira,B012,445.90644981680595,1.6,8475.0
P7,Z053,Pereira,B012,475.0,1.57,8018.0
P7,Z054,Pereira,B012,490.9999999999997,1.57,8975.0
P7,Z058,Pereira,B012,685.999999999999,1.47,8300.0
P7,Z059,Pereira,B012,466.99999999999926,1.62,7472.0
P7,Z021,Cali,B015,2044.0,0.83,3191.0
P7,Z022,Cali,B015,1416.0,0.75,3253.0
P7,Z023,Cali,B015,2254.0,0.74,3127.0
P7,Z024,Cali,B015,1239.0,0.75,3051.0
P7,Z025,Cali,B015,2162.0,0.73,3026.0
P7,Z026,Cali,B015,1683.0,0.84,3099.0
P7,Z027,Cali,B015,1406.0,0.71,3073.0
P7,Z028,Cali,B015,1905.0,0.7,3136.0
P7,Z029,Cali,B015,1399.0,0.72,3043.0
P7,Z030,Cali,B015,1492.0,0.68,3181.0
P7,Z052,Pereira,B015,138.09355018319374,1.57,8388.0
P7,Z055,Pereira,B015,510.0,1.49,8039.0
P7,Z056,Pereira,B015,346.0,1.54,8152.0
P7,Z057,Pereira,B015,542.9999999999997,1.59,9300.0
P7,Z060,Pereira,B015,462.9999999999998,1.59,8143.0
P8,Z001,Bogotá,B001,3724.0,0.84,3069.0
P8,Z002,Bogotá,B001,4776.0,0.75,3082.0
P8,Z003,Bogotá,B001,4567.0,0.7,3147.0
P8,Z004,Bogotá,B001,3022.0,0.88,3037.0
P8,Z005,Bogotá,B001,3288.0,0.67,3084.0
P8,Z006,Bogotá,B001,3674.0,0.86,3035.0
P8,Z007,Bogotá,B001,5020.0,0.78,3075.0
P8,Z008,Bogotá,B001,4096.0,0.83,3089.0
P8,Z009,Bogotá,B001,3511.0,0.7,3072.0
P8,Z010,Bogotá,B001,4322.0,0.74,3030.0
P8,Z048,Bucaramanga,B001,51.401457792212724,2.04,11763.0
P8,Z050,Bucaramanga,B001,623.0,1.92,10479.0
P8,Z011,Medellín,B010,2129.0,0.69,3137.0
P8,Z012,Medellín,B010,2718.0,0.73,3301.0
P8,Z013,Medellín,B010,2217.0,0.73,3159.0
P8,Z014,Medellín,B010,3004.0,0.75,3123.0
P8,Z015,Medellín,B010,1746.0,0.77,3023.0
P8,Z016,Medellín,B010,3049.0,0.78,3077.0
P8,Z017,Medellín,B010,1441.0,0.8,3091.0
P8,Z018,Medellín,B010,1718.0,0.8,3148.0
P8,Z019,Medellín,B010,1640.0,0.76,3110.0
P8,Z020,Medellín,B010,2338.0,0.82,3130.0
P8,Z031,Barranquilla,B010,862.0,3.07,18983.0
P8,Z032,Barranquilla,B010,1052.0,2.8,16500.0
P8,Z033,Barranquilla,B010,1111.0,2.9,20227.0
P8,Z034,Barranquilla,B010,741.0000000000008,2.9,20678.0
P8,Z035,Barranquilla,B010,1160.0,2.73,15069.0
P8,Z036,Barranquilla,B010,766.0,2.86,18319.0
P8,Z037,Barranquilla,B010,657.0,3.01,15651.0
P8,Z038,Barranquilla,B010,678.0,3.01,17001.0
P8,Z039,Barranquilla,B010,1309.0,2.69,19627.0
P8,Z040,Barranquilla,B010,664.0,3.08,15411.0
P8,Z041,Bucaramanga,B010,913.0,2.1,10354.0
P8,Z042,Bucaramanga,B010,698.0,2.11,12655.0
P8,Z043,Bucaramanga,B010,753.0,2.07,13315.0
P8,Z044,Bucaramanga,B010,770.0000000000002,2.13,13143.0
P8,Z045,Bucaramanga,B010,697.0,2.02,10711.0
P8,Z046,Bucaramanga,B010,725.0,1.96,10962.0
P8,Z047,Bucaramanga,B010,693.9999999999993,1.93,9628.0
P8,Z048,Bucaramanga,B010,522.5985422077873,2.11,12906.0
P8,Z049,Bucaramanga,B010,552.9999999999899,1.92,12046.0
P8,Z051,Pereira,B010,435.0,1.51,8910.0
P8,Z054,Pereira,B010,491.0,1.5,9297.0
P8,Z056,Pereira,B010,346.0,1.48,7744.0
P8,Z057,Pereira,B010,543.0,1.61,8540.0
P8,Z058,Pereira,B010,686.0,1.47,8993.0
P8,Z059,Pereira,B010,467.0,1.6,8438.0
P8,Z021,Cali,B015,2043.9999999999995,0.83,3191.0
P8,Z022,Cali,B015,1415.9999999999998,0.75,3253.0
P8,Z023,Cali,B015,2253.9999999999995,0.74,3127.0
P8,Z024,Cali,B015,1238.9999999999998,0.75,3051.0
P8,Z025,Cali,B015,2161.9999999999995,0.73,3026.0
P8,Z026,Cali,B015,1682.9999999999995,0.84,3099.0
P8,Z027,Cali,B015,1405.9999999999998,0.71,3073.0
P8,Z028,Cali,B015,1904.9999999999995,0.7,3136.0
P8,Z029,Cali,B015,1398.9999999999998,0.72,3043.0
P8,Z030,Cali,B015,1491.9999999999998,0.68,3181.0
P8,Z052,Pereira,B015,583.9999999999999,1.57,8388.0
P8,Z053,Pereira,B015,474.9999999999999,1.56,7865.0
P8,Z055,Pereira,B015,509.9999999999999,1.49,8039.0
P8,Z060,Pereira,B015,462.9999999999999,1.59,8143.0
P9,Z001,Bogotá,B001,3724.0,0.84,3069.0
P9,Z002,Bogotá,B001,4776.0,0.75,3082.0
P9,Z003,Bogotá,B001,4567.0,0.7,3147.0
P9,Z004,Bogotá,B001,3022.0,0.88,3037.0
P9,Z005,Bogotá,B001,3288.0,0.67,3084.0
P9,Z006,Bogotá,B001,3674.0,0.86,3035.0
P9,Z007,Bogotá,B001,5020.0,0.78,3075.0
P9,Z008,Bogotá,B001,4096.0,0.83,3089.0
P9,Z009,Bogotá,B001,3511.0,0.7,3072.0
P9,Z010,Bogotá,B001,4322.0,0.74,3030.0
P9,Z041,Bucaramanga,B001,903.0000000003814,2.09,13164.0
P9,Z042,Bucaramanga,B001,698.0,2.08,11858.0
P9,Z044,Bucaramanga,B001,770.0,2.11,12012.0
P9,Z048,Bucaramanga,B001,574.0,2.04,11763.0
P9,Z050,Bucaramanga,B001,623.0,1.92,10479.0
P9,Z011,Medellín,B010,2129.0,0.69,3137.0
P9,Z012,Medellín,B010,2718.0,0.73,3301.0
P9,Z013,Medellín,B010,2217.0,0.73,3159.0
P9,Z014,Medellín,B010,3004.0,0.75,3123.0
P9,Z015,Medellín,B010,1746.0,0.77,3023.0
P9,Z016,Medellín,B010,3049.0,0.78,3077.0
P9,Z017,Medellín,B010,1441.0,0.8,3091.0
P9,Z018,Medellín,B010,1718.0,0.8,3148.0
P9,Z019,Medellín,B010,1640.0,0.76,3110.0
P9,Z020,Medellín,B010,2338.0,0.82,3130.0
P9,Z031,Barranquilla,B010,861.9999999999991,3.07,18983.0
P9,Z032,Barranquilla,B010,1052.0,2.8,16500.0
P9,Z033,Barranquilla,B010,1111.0,2.9,20227.0
P9,Z034,Barranquilla,B010,741.0,2.9,20678.0
P9,Z035,Barranquilla,B010,1160.0,2.73,15069.0
P9,Z036,Barranquilla,B010,766.0,2.86,18319.0
P9,Z037,Barranquilla,B010,657.0,3.01,15651.0
P9,Z038,Barranquilla,B010,678.0,3.01,17001.0
P9,Z039,Barranquilla,B010,1309.0,2.69,19627.0
P9,Z040,Barranquilla,B010,664.0000000000009,3.08,15411.0
P9,Z041,Bucaramanga,B010,9.99999999961858,2.1,10354.0
P9,Z043,Bucaramanga,B010,753.0,2.07,13315.0
P9,Z045,Bucaramanga,B010,697.0,2.02,10711.0
P9,Z046,Bucaramanga,B010,725.0,1.96,10962.0
P9,Z047,Bucaramanga,B010,694.0,1.93,9628.0
P9,Z049,Bucaramanga,B010,553.0,1.92,12046.0
P9,Z051,Pereira,B010,435.0,1.51,8910.0
P9,Z054,Pereira,B010,491.0,1.5,9297.0
P9,Z056,Pereira,B010,346.0,1.48,7744.0
P9,Z058,Pereira,B010,686.0000000000002,1.47,8993.0
P9,Z059,Pereira,B010,467.0000000000001,1.6,8438.0
P9,Z021,Cali,B015,2044.0,0.83,3191.0
P9,Z022,Cali,B015,1416.0,0.75,3253.0
P9,Z023,Cali,B015,2254.0,0.74,3127.0
P9,Z024,Cali,B015,1239.0,0.75,3051.0
P9,Z025,Cali,B015,2162.0,0.73,3026.0
P9,Z026,Cali,B015,1683.0,0.84,3099.0
P9,Z027,Cali,B015,1406.0,0.71,3073.0
P9,Z028,Cali,B015,1905.0,0.7,3136.0
P9,Z029,Cali,B015,1399.0,0.72,3043.0
P9,Z030,Cali,B015,1492.0,0.68,3181.0
P9,Z052,Pereira,B015,584.0,1.57,8388.0
P9,Z053,Pereira,B015,475.0,1.56,7865.0
P9,Z055,Pereira,B015,510.0,1.49,8039.0
P9,Z057,Pereira,B015,543.0,1.59,9300.0
P9,Z060,Pereira,B015,463.0,1.59,8143.0
