mes,demanda,min_costo_libre,min_costo_libre_mcop,min_costo_libre_T,B012 | mcop,B012 | T,B012 + B013 | mcop,B012 + B013 | T,B012 + B015 | mcop,B012 + B015 | T,B010 + B015 | mcop,B010 + B015 | T
2026-10,100000,B012,1575.211,1.334,1575.211,1.334,1575.502,1.091,1625.750,1.084,1712.049,1.083
2026-11,105491,B012 + B018,1644.263,1.153,1656.735,1.343,1651.227,1.106,1702.075,1.100,1788.642,1.099
2026-12,123667,B012 + B013,1865.010,1.092,,,1865.010,1.092,1918.482,1.085,2003.660,1.084
2027-01,93186,B012,1480.001,1.332,1480.001,1.332,1488.179,1.083,1537.695,1.077,1623.543,1.076
2027-02,96389,B012,1525.829,1.334,1525.829,1.334,1531.169,1.090,1580.858,1.084,1667.097,1.082
2027-03,101802,B012 + B013,1593.144,1.085,1597.935,1.332,1593.144,1.085,1643.787,1.078,1729.618,1.077
2027-04,105595,B012 + B013,1643.137,1.090,1652.793,1.333,1643.137,1.090,1694.263,1.084,1780.467,1.083
2027-05,109229,B012 + B013,1686.442,1.087,1706.301,1.334,1686.442,1.087,1738.453,1.080,1823.936,1.080
2027-06,101742,B012 + B013,1598.875,1.096,1603.384,1.343,1598.875,1.096,1649.568,1.090,1735.978,1.090
2027-07,100051,B012,1576.543,1.334,1576.543,1.334,1579.687,1.095,1629.788,1.089,1716.684,1.088
2027-08,109423,B012 + B013,1688.352,1.086,1704.560,1.328,1688.352,1.086,1740.046,1.079,1826.360,1.078
2027-09,113375,B012 + B013,1738.566,1.090,1759.713,1.324,1738.566,1.090,1790.421,1.084,1877.001,1.083
