punto,puerto_id,bodega_id,pedidos
P1,P01,B001,2731.254476766403
P1,P01,B012,57268.7455232336
P1,P02,B001,39999.99999999999
P2,P01,B001,21095.980125446556
P2,P01,B012,38904.01987455369
P2,P02,B001,18904.019874553458
P2,P02,B013,21095.980125446542
P3,P01,B001,19637.49393217525
P3,P01,B012,40362.50606782474
P3,P02,B001,20362.506067824732
P3,P02,B013,19637.493932175268
P4,P01,B001,19470.332701334966
P4,P01,B012,40529.66729866501
P4,P02,B001,21152.667298665034
P4,P02,B013,18847.332701334963
P5,P01,B001,17856.635058414802
P5,P01,B012,42143.3649415852
P5,P02,B001,22143.36494158522
P5,P02,B015,17856.63505841478
P6,P01,B001,18843.898523478412
P6,P01,B012,41156.10147652159
P6,P02,B001,21156.101476521584
P6,P02,B015,18843.898523478416
P7,P01,B001,19623.093550183214
P7,P01,B012,40376.90644981676
P7,P02,B001,20999.906449816805
P7,P02,B015,19000.093550183195
P8,P01,B001,19706.401457792217
P8,P01,B010,40293.59854220778
P8,P02,B001,20968.000000000004
P8,P02,B015,19031.999999999996
P9,P01,B001,23143.00000000038
P9,P01,B010,36856.99999999962
P9,P02,B001,20425.0
P9,P02,B015,19575.0
