punto,bodegas_nuevas,municipios,costo_mcop,tiempo_dias,fijo_mcop,variable_mcop,abastecimiento_mcop,distribucion_mcop
P1,B012,Medellín,1575.2113395211181,1.3338572200755565,195.0,112.18062365697007,606.6021376244812,661.428578239667
P2,B012 + B013,Medellín + Cali,1575.5023055502152,1.0907312920501786,356.0,110.36300248431918,595.862178861936,513.2771242039603
P3,B012 + B013,Medellín + Cali,1576.2049364574127,1.0894692433253927,356.0000000000001,110.54531325847806,596.0722008737667,513.5874223251676
P4,B012 + B013,Medellín + Cali,1577.5460450464973,1.0882075665402668,356.0,110.45718341233307,597.9428440910078,513.1460175431565
P5,B012 + B015,Medellín + Cali,1625.7497115749518,1.0843496014357386,391.0,118.80340639398466,601.4177855432365,514.5285196377307
P6,B012 + B015,Medellín + Cali,1626.1210780883162,1.0834210811812168,391.0,119.12426702013045,601.5569896918105,514.4398213763753
P7,B012 + B015,Medellín + Cali,1626.957775455519,1.0824929719349448,390.9999999999998,118.9881304038095,603.3358731905761,513.6337718611338
P8,B010 + B015,Medellín + Cali,1712.977174609448,1.0815647189795452,478.0,102.86564014577922,602.9615073299253,529.1500271337434
P9,B010 + B015,Medellín + Cali,1722.8670000000022,1.0806365999999998,478.0,103.54867500000003,611.242694000001,530.0756310000011
