zona_id,ciudad,P1,P2,P3,P4,P5,P6,P7,P8,P9
Z001,Bogotá,0.840,0.840,0.840,0.840,0.840,0.840,0.840,0.840,0.840
Z002,Bogotá,0.750,0.750,0.750,0.750,0.750,0.750,0.750,0.750,0.750
Z003,Bogotá,0.700,0.700,0.700,0.700,0.700,0.700,0.700,0.700,0.700
Z004,Bogotá,0.880,0.880,0.880,0.880,0.880,0.880,0.880,0.880,0.880
Z005,Bogotá,0.670,0.670,0.670,0.670,0.670,0.670,0.670,0.670,0.670
Z006,Bogotá,0.860,0.860,0.860,0.860,0.860,0.860,0.860,0.860,0.860
Z007,Bogotá,0.780,0.780,0.780,0.780,0.780,0.780,0.780,0.780,0.780
Z008,Bogotá,0.830,0.830,0.830,0.830,0.830,0.830,0.830,0.830,0.830
Z009,Bogotá,0.700,0.700,0.700,0.700,0.700,0.700,0.700,0.700,0.700
Z010,Bogotá,0.740,0.740,0.740,0.740,0.740,0.740,0.740,0.740,0.740
Z011,Medellín,0.800,0.800,0.800,0.800,0.800,0.800,0.800,0.690,0.690
Z012,Medellín,0.780,0.780,0.780,0.780,0.780,0.780,0.780,0.730,0.730
Z013,Medellín,0.880,0.880,0.880,0.880,0.880,0.880,0.880,0.730,0.730
Z014,Medellín,0.740,0.740,0.740,0.740,0.740,0.740,0.740,0.750,0.750
Z015,Medellín,0.710,0.710,0.710,0.710,0.710,0.710,0.710,0.770,0.770
Z016,Medellín,0.880,0.880,0.880,0.880,0.880,0.880,0.880,0.780,0.780
Z017,Medellín,0.720,0.720,0.720,0.720,0.720,0.720,0.720,0.800,0.800
Z018,Medellín,0.700,0.700,0.700,0.700,0.700,0.700,0.700,0.800,0.800
Z019,Medellín,0.810,0.810,0.810,0.810,0.810,0.810,0.810,0.760,0.760
Z020,Medellín,0.700,0.700,0.700,0.700,0.700,0.700,0.700,0.820,0.820
Z021,Cali,2.160,0.680,0.680,0.680,0.830,0.830,0.830,0.830,0.830
Z022,Cali,2.170,0.770,0.770,0.770,0.750,0.750,0.750,0.750,0.750
Z023,Cali,2.270,0.870,0.870,0.870,0.740,0.740,0.740,0.740,0.740
Z024,Cali,1.990,0.760,0.760,0.760,0.750,0.750,0.750,0.750,0.750
Z025,Cali,2.190,0.670,0.670,0.670,0.730,0.730,0.730,0.730,0.730
Z026,Cali,2.250,0.860,0.860,0.860,0.840,0.840,0.840,0.840,0.840
Z027,Cali,2.290,0.670,0.670,0.670,0.710,0.710,0.710,0.710,0.710
Z028,Cali,2.250,0.900,0.900,0.900,0.700,0.700,0.700,0.700,0.700
Z029,Cali,2.240,0.720,0.720,0.720,0.720,0.720,0.720,0.720,0.720
Z030,Cali,2.220,0.820,0.820,0.820,0.680,0.680,0.680,0.680,0.680
Z031,Barranquilla,2.820,2.820,2.820,2.820,2.820,2.820,2.820,3.070,3.070
Z032,Barranquilla,2.680,2.680,2.680,2.680,2.680,2.680,2.680,2.800,2.800
Z033,Barranquilla,2.850,2.850,2.850,2.850,2.850,2.850,2.850,2.900,2.900
Z034,Barranquilla,2.860,2.860,2.860,2.860,2.860,2.860,2.860,2.900,2.900
Z035,Barranquilla,2.980,2.980,2.980,2.980,2.980,2.980,2.980,2.730,2.730
Z036,Barranquilla,2.750,2.750,2.750,2.750,2.750,2.750,2.750,2.860,2.860
Z037,Barranquilla,2.830,2.830,2.830,2.830,2.830,2.830,2.830,3.010,3.010
Z038,Barranquilla,2.950,2.950,2.950,2.950,2.950,2.950,2.950,3.010,3.010
Z039,Barranquilla,2.910,2.910,2.910,2.910,2.910,2.910,2.910,2.690,2.690
Z040,Barranquilla,2.990,2.990,2.990,2.990,2.990,2.990,2.990,3.080,3.080
Z041,Bucaramanga,1.990,1.990,1.990,1.990,1.990,1.990,1.990,2.100,2.090
Z042,Bucaramanga,2.050,2.050,2.050,2.050,2.050,2.050,2.050,2.110,2.080
Z043,Bucaramanga,1.930,1.930,1.930,1.930,1.930,1.930,1.930,2.070,2.070
Z044,Bucaramanga,2.050,2.050,2.050,2.050,2.050,2.050,2.050,2.130,2.110
Z045,Bucaramanga,2.070,2.070,2.070,2.070,2.070,2.070,2.070,2.020,2.020
Z046,Bucaramanga,1.940,1.940,1.940,1.940,1.940,1.940,1.940,1.960,1.960
Z047,Bucaramanga,2.040,2.040,2.040,2.040,2.040,2.040,2.040,1.930,1.930
Z048,Bucaramanga,2.020,2.020,2.020,2.020,2.020,2.020,2.020,2.104,2.040
Z049,Bucaramanga,2.020,2.020,2.020,2.020,2.020,2.020,2.020,1.920,1.920
Z050,Bucaramanga,2.060,2.060,2.060,1.920,2.060,2.060,1.920,1.920,1.920
Z051,Pereira,1.490,1.490,1.490,1.490,1.490,1.490,1.490,1.510,1.510
Z052,Pereira,1.600,1.650,1.650,1.600,1.600,1.600,1.593,1.570,1.570
Z053,Pereira,1.570,1.590,1.590,1.584,1.570,1.570,1.570,1.560,1.560
Z054,Pereira,1.570,1.610,1.570,1.570,1.570,1.570,1.570,1.500,1.500
Z055,Pereira,1.730,1.680,1.680,1.680,1.490,1.490,1.490,1.490,1.490
Z056,Pereira,1.500,1.610,1.520,1.500,1.540,1.540,1.540,1.480,1.480
Z057,Pereira,1.670,1.520,1.520,1.520,1.670,1.593,1.590,1.610,1.590
Z058,Pereira,1.470,1.580,1.470,1.470,1.470,1.470,1.470,1.470,1.470
Z059,Pereira,1.620,1.620,1.620,1.620,1.620,1.620,1.620,1.600,1.600
Z060,Pereira,1.700,1.700,1.700,1.700,1.700,1.590,1.590,1.590,1.590
