punto,bodega_id,municipio,capacidad,pedidos,utilizacion
P1,B001,Bogotá,55000,42731.254476766415,0.7769318995775711
P1,B012,Medellín,60000,57268.74552323359,0.9544790920538933
P2,B001,Bogotá,55000,40000.0,0.7272727272727273
P2,B012,Medellín,60000,38904.01987455366,0.648400331242561
P2,B013,Cali,54000,21095.980125446542,0.3906662986193804
P3,B001,Bogotá,55000,40000.0,0.7272727272727273
P3,B012,Medellín,60000,40362.50606782474,0.6727084344637456
P3,B013,Cali,54000,19637.49393217527,0.3636572950402828
P4,B001,Bogotá,55000,40623.0,0.7386
P4,B012,Medellín,60000,40529.66729866501,0.6754944549777502
P4,B013,Cali,54000,18847.332701334963,0.34902467965435113
P5,B001,Bogotá,55000,40000.00000000002,0.7272727272727276
P5,B012,Medellín,60000,42143.3649415854,0.70238941569309
P5,B015,Cali,33000,17856.635058414904,0.5411101532853001
P6,B001,Bogotá,55000,40000.0,0.7272727272727273
P6,B012,Medellín,60000,41156.10147652154,0.6859350246086923
P6,B015,Cali,33000,18843.898523478456,0.5710272279841956
P7,B001,Bogotá,55000,40623.000000000015,0.7386000000000003
P7,B012,Medellín,60000,40376.90644981675,0.6729484408302792
P7,B015,Cali,33000,19000.093550183192,0.5757604106116119
P8,B001,Bogotá,55000,40674.40145779221,0.7395345719598584
P8,B010,Medellín,62000,40293.59854220778,0.6498967506807707
P8,B015,Cali,33000,19031.999999999996,0.5767272727272726
P9,B001,Bogotá,55000,43568.00000000038,0.7921454545454614
P9,B010,Medellín,62000,36856.99999999962,0.5944677419354778
P9,B015,Cali,33000,19575.0,0.5931818181818181
