mes,demanda_total_control_pedidos,max_bodegas_nuevas,capacidad_bogota_actual_pedidos_mes,fraccion_puerto_cartagena,fraccion_puerto_buenaventura
2026-10,100000,2,55000,0.6,0.4
2026-11,105491,2,55000,0.6,0.4
2026-12,123667,2,55000,0.6,0.4
2027-01,93186,2,55000,0.6,0.4
2027-02,96389,2,55000,0.6,0.4
2027-03,101802,2,55000,0.6,0.4
2027-04,105595,2,55000,0.6,0.4
2027-05,109229,2,55000,0.6,0.4
2027-06,101742,2,55000,0.6,0.4
2027-07,100051,2,55000,0.6,0.4
2027-08,109423,2,55000,0.6,0.4
2027-09,113375,2,55000,0.6,0.4
