zona_id,ciudad,demanda
Z001,Bogotá,3724
Z002,Bogotá,4776
Z003,Bogotá,4567
Z004,Bogotá,3022
Z005,Bogotá,3288
Z006,Bogotá,3674
Z007,Bogotá,5020
Z008,Bogotá,4096
Z009,Bogotá,3511
Z010,Bogotá,4322
Z011,Medellín,2129
Z012,Medellín,2718
Z013,Medellín,2217
Z014,Medellín,3004
Z015,Medellín,1746
Z016,Medellín,3049
Z017,Medellín,1441
Z018,Medellín,1718
Z019,Medellín,1640
Z020,Medellín,2338
Z021,Cali,2044
Z022,Cali,1416
Z023,Cali,2254
Z024,Cali,1239
Z025,Cali,2162
Z026,Cali,1683
Z027,Cali,1406
Z028,Cali,1905
Z029,Cali,1399
Z030,Cali,1492
Z031,Barranquilla,862
Z032,Barranquilla,1052
Z033,Barranquilla,1111
Z034,Barranquilla,741
Z035,Barranquilla,1160
Z036,Barranquilla,766
Z037,Barranquilla,657
Z038,Barranquilla,678
Z039,Barranquilla,1309
Z040,Barranquilla,664
Z041,Bucaramanga,913
Z042,Bucaramanga,698
Z043,Bucaramanga,753
Z044,Bucaramanga,770
Z045,Bucaramanga,697
Z046,Bucaramanga,725
Z047,Bucaramanga,694
Z048,Bucaramanga,574
Z049,Bucaramanga,553
Z050,Bucaramanga,623
Z051,Pereira,435
Z052,Pereira,584
Z053,Pereira,475
Z054,Pereira,491
Z055,Pereira,510
Z056,Pereira,346
Z057,Pereira,543
Z058,Pereira,686
Z059,Pereira,467
Z060,Pereira,463
