puerto_id,bodega_id,distancia_vial_estimada_km,costo_abastecimiento_cop_pedido,tiempo_abastecimiento_dias
P01,B001,811.4,9229.0,2.1
P01,B002,598.5,5750.0,1.71
P01,B003,1013.3,10912.0,2.48
P01,B004,138.2,2783.0,0.86
P01,B005,579.0,7108.0,1.67
P01,B006,815.1,8286.0,2.11
P01,B007,809.5,7124.0,2.1
P01,B008,784.6,6878.0,2.05
P01,B009,874.4,8035.0,2.22
P01,B010,625.7,6396.0,1.76
P01,B011,671.6,7878.0,1.84
P01,B012,594.2,6409.0,1.7
P01,B013,956.8,7815.0,2.37
P01,B014,956.0,10020.0,2.37
P01,B015,1040.5,11152.0,2.53
P01,B016,127.6,2809.0,0.84
P01,B017,147.4,2876.0,0.87
P01,B018,116.6,2631.0,0.82
P01,B019,537.8,6026.0,1.6
P01,B020,566.8,6160.0,1.65
P01,B021,639.6,7727.0,1.78
P01,B022,793.7,8426.0,2.07
P01,B023,771.1,7512.0,2.03
P01,B024,794.6,8097.0,2.07
P01,B025,12.0,1812.0,0.62
P01,B026,12.0,1809.0,0.62
P01,B028,939.4,8751.0,2.34
P01,B029,993.1,8898.0,2.44
P01,B030,1026.0,10657.0,2.5
P01,B031,227.6,3858.0,1.02
P01,B032,241.7,3720.0,1.05
P01,B033,202.1,3562.0,0.97
P01,B034,114.7,2656.0,0.81
P01,B035,141.4,2958.0,0.86
P01,B036,117.0,2579.0,0.82
P01,B037,133.5,2945.0,0.85
P01,B038,128.2,2876.0,0.84
P01,B039,122.8,2481.0,0.83
P01,B040,930.5,9453.0,2.32
P01,B041,965.8,9129.0,2.39
P01,B042,829.6,8966.0,2.14
P01,B043,789.9,8644.0,2.06
P01,B044,895.1,9370.0,2.26
P01,B045,815.0,7706.0,2.11
P01,B046,776.4,7675.0,2.04
P01,B047,926.6,8261.0,2.32
P01,B048,831.5,9468.0,2.14
P01,B049,900.4,8040.0,2.27
P01,B050,880.9,9676.0,2.23
P01,B051,914.1,8055.0,2.29
P01,B052,938.5,9077.0,2.34
P01,B053,905.8,10199.0,2.28
P01,B054,868.0,7369.0,2.21
P01,B055,605.7,7135.0,1.72
P01,B056,669.7,7273.0,1.84
P01,B057,619.9,6288.0,1.75
P01,B058,602.5,6650.0,1.72
P01,B059,598.8,5874.0,1.71
P01,B060,627.4,6779.0,1.76
P01,B061,614.5,6616.0,1.74
P01,B062,581.2,6827.0,1.68
P01,B063,628.5,6193.0,1.76
P01,B064,1073.2,8372.0,2.59
P01,B065,1040.2,9294.0,2.53
P01,B066,1121.5,10229.0,2.68
P01,B067,1129.0,11548.0,2.69
P01,B069,1021.9,8941.0,2.49
P01,B070,969.5,8936.0,2.4
P01,B071,1171.8,12252.0,2.77
P01,B072,1116.4,9677.0,2.67
P01,B073,942.2,10294.0,2.34
P01,B074,935.4,7706.0,2.33
P01,B075,972.4,10574.0,2.4
P01,B076,718.0,6559.0,1.93
P01,B077,733.3,6895.0,1.96
P01,B078,855.1,9180.0,2.18
P01,B079,854.3,9750.0,2.18
P01,B081,844.4,9118.0,2.16
P01,B082,903.8,8039.0,2.27
P01,B083,974.6,7791.0,2.4
P01,B084,867.4,7461.0,2.21
P01,B085,971.3,8237.0,2.4
P01,B086,896.9,9742.0,2.26
P01,B087,944.0,10206.0,2.35
P01,B088,586.7,5353.0,1.69
P01,B089,625.4,6243.0,1.76
P01,B090,595.5,5675.0,1.7
P01,B091,142.1,2876.0,0.86
P01,B093,174.8,3123.0,0.92
P01,B094,267.0,3477.0,1.09
P01,B095,241.9,3349.0,1.05
P01,B096,235.0,3556.0,1.04
P01,B097,293.8,4351.0,1.14
P01,B098,351.3,4989.0,1.25
P01,B099,345.5,4531.0,1.24
P01,B100,1138.0,11989.0,2.71
P02,B001,482.8,5359.0,1.49
P02,B002,410.9,5321.0,1.36
P02,B003,96.1,2395.0,0.78
P02,B004,1148.0,10279.0,2.73
P02,B005,757.0,8820.0,2.0
P02,B006,233.7,3225.0,1.03
P02,B007,495.4,5214.0,1.52
P02,B008,413.6,4622.0,1.37
P02,B009,430.2,5411.0,1.4
P02,B010,456.6,4972.0,1.45
P02,B011,386.7,5337.0,1.32
P02,B012,397.5,5060.0,1.34
P02,B013,89.2,2395.0,0.77
P02,B014,100.5,2646.0,0.79
P02,B015,113.2,2680.0,0.81
P02,B016,1168.7,9400.0,2.76
P02,B017,1019.7,9060.0,2.49
P02,B018,1003.0,9934.0,2.46
P02,B019,762.0,7398.0,2.01
P02,B020,834.0,7634.0,2.14
P02,B021,767.1,6967.0,2.02
P02,B022,225.1,3238.0,1.02
P02,B023,232.2,3659.0,1.03
P02,B024,253.3,3782.0,1.07
P02,B025,921.0,9578.0,2.31
P02,B026,1046.2,11465.0,2.54
P02,B028,12.0,1787.0,0.62
P02,B029,12.0,1793.0,0.62
P02,B030,12.0,1803.0,0.62
P02,B031,1067.7,10621.0,2.58
P02,B032,1096.7,11791.0,2.63
P02,B033,1249.4,11324.0,2.91
P02,B034,1158.5,9094.0,2.75
P02,B035,1038.2,9921.0,2.52
P02,B036,1128.9,8887.0,2.69
P02,B037,1186.2,11335.0,2.8
P02,B038,986.9,10078.0,2.43
P02,B039,1140.7,9860.0,2.71
P02,B040,363.5,4518.0,1.27
P02,B041,358.4,4765.0,1.26
P02,B042,349.7,4397.0,1.25
P02,B043,448.2,5738.0,1.43
P02,B044,461.0,5797.0,1.45
P02,B045,475.7,5351.0,1.48
P02,B046,460.2,4788.0,1.45
P02,B047,414.1,4759.0,1.37
P02,B048,472.3,4842.0,1.47
P02,B049,422.9,5653.0,1.38
P02,B050,428.9,4782.0,1.39
P02,B051,414.6,4732.0,1.37
P02,B052,459.8,5581.0,1.45
P02,B053,425.3,4574.0,1.39
P02,B054,439.2,5488.0,1.41
P02,B055,403.2,4303.0,1.35
P02,B056,374.6,4045.0,1.29
P02,B057,378.0,5060.0,1.3
P02,B058,411.0,4984.0,1.36
P02,B059,452.0,5884.0,1.44
P02,B060,407.2,5385.0,1.35
P02,B061,424.8,4776.0,1.39
P02,B062,354.8,5037.0,1.26
P02,B063,367.8,5147.0,1.28
P02,B064,118.9,2759.0,0.82
P02,B065,122.2,2606.0,0.83
P02,B066,116.4,2497.0,0.82
P02,B067,86.2,2406.0,0.76
P02,B069,83.0,2395.0,0.75
P02,B070,116.2,2700.0,0.82
P02,B071,110.3,2658.0,0.8
P02,B072,123.4,2784.0,0.83
P02,B073,119.7,2662.0,0.82
P02,B074,118.2,2565.0,0.82
P02,B075,127.9,2706.0,0.84
P02,B076,300.2,3735.0,1.16
P02,B077,266.8,3633.0,1.09
P02,B078,305.7,4371.0,1.17
P02,B079,243.5,3319.0,1.05
P02,B081,209.6,3330.0,0.99
P02,B082,279.8,3667.0,1.12
P02,B083,260.0,3787.0,1.08
P02,B084,288.8,4000.0,1.13
P02,B085,465.9,6065.0,1.46
P02,B086,493.1,6183.0,1.51
P02,B087,498.8,5845.0,1.52
P02,B088,818.2,8869.0,2.12
P02,B089,977.1,7800.0,2.41
P02,B090,891.9,9192.0,2.25
P02,B091,847.7,8090.0,2.17
P02,B093,890.2,9155.0,2.25
P02,B094,718.7,7412.0,1.93
P02,B095,688.0,7880.0,1.87
P02,B096,741.3,7567.0,1.97
P02,B097,1069.0,11419.0,2.58
P02,B098,1220.9,12062.0,2.86
P02,B099,1173.5,9544.0,2.77
P02,B100,284.1,4279.0,1.13
