mes,puerto_id,pedidos_disponibles,origen
2026-10,P01,60000,China
2026-10,P02,40000,China
2026-11,P01,63295,China
2026-11,P02,42196,China
2026-12,P01,74200,China
2026-12,P02,49467,China
2027-01,P01,55912,China
2027-01,P02,37274,China
2027-02,P01,57833,China
2027-02,P02,38556,China
2027-03,P01,61081,China
2027-03,P02,40721,China
2027-04,P01,63357,China
2027-04,P02,42238,China
2027-05,P01,65537,China
2027-05,P02,43692,China
2027-06,P01,61045,China
2027-06,P02,40697,China
2027-07,P01,60031,China
2027-07,P02,40020,China
2027-08,P01,65654,China
2027-08,P02,43769,China
2027-09,P01,68025,China
2027-09,P02,45350,China
