zona_id,ciudad_canonica,sector,latitud,longitud,pedidos_octubre_referencia,porcentaje_pedidos_urgentes
Z001,Bogotá,Sector 01,4.69787,-74.0789,3724,0.418
Z002,Bogotá,Sector 02,4.71109,-74.04266,4776,0.398
Z003,Bogotá,Sector 03,4.74459,-74.14758,4567,0.176
Z004,Bogotá,Sector 04,4.69978,-74.12513,3022,0.311
Z005,Bogotá,Sector 05,4.70976,-74.1323,3288,0.123
Z006,Bogotá,Sector 06,4.71146,-74.06452,3674,0.371
Z007,Bogotá,Sector 07,4.74415,-74.04262,5020,0.342
Z008,Bogota,Sector 08,4.6605,-74.08226,4096,0.32
Z009,Bogotá,Sector 09,4.72413,-74.15336,3511,0.197
Z010,Bogotá,Sector 10,4.71475,-74.02208,4322,0.193
Z011,Medellín,Sector 01,6.18987,-75.64546,2129,0.392
Z012,Medellín,Sector 02,6.17146,-75.63763,2718,0.222
Z013,Medellín,Sector 03,6.19779,-75.5105,2217,0.408
Z014,Medellín,Sector 04,6.18649,-75.6146,3004,0.366
Z015,Medellín,Sector 05,6.24685,-75.61433,1746,0.362
Z016,Medellín,Sector 06,6.28666,-75.6403,3049,0.125
Z017,Medellín,Sector 07,6.32636,-75.5703,1441,0.248
Z018,Medellín,Sector 08,6.18334,-75.55827,1718,0.401
Z019,Medellín,Sector 09,6.31191,-75.51326,1640,0.266
Z020,Medellín,Sector 10,6.25231,-75.64811,2338,0.138
Z021,Cali,Sector 01,3.38966,-76.60503,2044,0.388
Z022,Cali,Sector 02,3.4996,-76.60218,1416,0.129
Z023,Cali,Sector 03,3.40852,-76.56131,2254,0.37
Z024,CALI,Sector 04,3.46116,-76.48496,1239,0.14
Z025,Cali,Sector 05,3.42607,-76.53571,2162,0.247
Z026,Cali,Sector 06,3.41599,-76.57467,1683,0.345
Z027,Cali,Sector 07,3.41789,-76.56184,1406,0.405
Z028,Cali,Sector 08,3.37027,-76.54677,1905,0.228
Z029,Cali,Sector 09,3.404,-76.51642,1399,0.173
Z030,Cali,Sector 10,3.4084,-76.58707,1492,0.37
Z031,Barranquilla,Sector 01,11.02883,-74.8537,862,0.322
Z032,Barranquilla,Sector 02,10.90618,-74.84807,1052,0.359
Z033,Barranquilla,Sector 03,10.96512,-74.82959,1111,0.166
Z034,Barranquilla,Sector 04,10.90039,-74.74384,741,0.189
Z035,Barranquilla,Sector 05,11.03029,-74.81273,1160,0.29
Z036,Barranquilla,Sector 06,10.96612,-74.85999,766,0.373
Z037,Barranquilla,Sector 07,10.95504,-74.85354,657,0.202
Z038,Barranquilla,Sector 08,11.04318,-74.85274,678,0.333
Z039,Barranquilla,Sector 09,11.00531,-74.7955,1309,0.346
Z040,Barranquilla,Sector 10,11.03262,-74.69936,664,0.412
Z041,Bucaramanga,Sector 01,7.19785,-73.13497,913,0.338
Z042,Bucaramanga,Sector 02,7.16119,-73.04417,698,0.221
Z043,Bucaramanga,Sector 03,7.15761,-73.19401,753,0.206
Z044,Bucaramanga,Sector 04,7.15119,-73.16414,770,0.335
Z045,B/manga,Sector 05,7.07811,-73.10415,697,0.4
Z046,Bucaramanga,Sector 06,7.03641,-73.13488,725,0.124
Z047,Bucaramanga,Sector 07,7.20113,-73.14019,694,0.331
Z048,Bucaramanga,Sector 08,7.10122,-73.10828,574,0.371
Z049,Bucaramanga,Sector 09,7.0941,-73.15937,553,0.361
Z050,Bucaramanga,Sector 10,7.14794,-73.05369,623,0.126
Z051,Pereira,Sector 01,4.80705,-75.63064,435,0.373
Z052,Pereira,Sector 02,4.77266,-75.63697,584,0.174
Z053,Pereira,Sector 03,4.78169,-75.68425,475,0.371
Z054,Pereira,Sector 04,4.81033,-75.7013,491,0.231
Z055,Pereira,Sector 05,4.73911,-75.71181,510,0.313
Z056,Pereira,Sector 06,4.82304,-75.77528,346,0.201
Z057,Pereira,Sector 07,4.81203,-75.77881,543,0.22
Z058,Pereira,Sector 08,4.79355,-75.72409,686,0.129
Z059,Pereira,Sector 09,4.84842,-75.77442,467,0.404
Z060,Pereira,Sector 10,4.86686,-75.74259,463,0.299
