mes,zona_id,pedidos_realizados,devoluciones,fuente
2025-10,Z001,2444,31,ERP ventas
2025-10,Z002,3637,25,ERP ventas
2025-10,Z003,3257,8,ERP ventas
2025-10,Z004,2312,10,ERP ventas
2025-10,Z005,2179,6,ERP ventas
2025-10,Z006,2745,6,ERP ventas
2025-10,Z007,3461,13,ERP ventas
2025-10,Z008,2863,6,ERP ventas
2025-10,Z009,2732,4,ERP ventas
2025-10,Z010,3315,33,ERP ventas
2025-10,Z011,1694,30,ERP ventas
2025-10,Z012,1709,31,ERP ventas
2025-10,Z013,1643,10,ERP ventas
2025-10,Z014,2055,29,ERP ventas
2025-10,Z015,1431,21,ERP ventas
2025-10,Z016,2061,20,ERP ventas
2025-10,Z017,1070,11,ERP ventas
2025-10,Z018,,16,ERP ventas
2025-10,Z019,1347,16,ERP ventas
2025-10,Z020,1910,27,ERP ventas
2025-10,Z021,1350,29,ERP ventas
2025-10,Z022,915,32,ERP ventas
2025-10,Z023,1765,30,ERP ventas
2025-10,Z024,940,23,ERP ventas
2025-10,Z025,1474,22,ERP ventas
2025-10,Z026,1284,31,ERP ventas
2025-10,Z027,916,14,ERP ventas
2025-10,Z028,1382,33,ERP ventas
2025-10,Z029,892,26,ERP ventas
2025-10,Z030,1162,20,ERP ventas
2025-10,Z031,712,9,ERP ventas
2025-10,Z032,671,26,ERP ventas
2025-10,Z033,913,26,ERP ventas
2025-10,Z034,598,24,ERP ventas
2025-10,Z035,725,27,ERP ventas
2025-10,Z036,493,5,ERP ventas
2025-10,Z037,531,6,ERP ventas
2025-10,Z038,537,27,ERP ventas
2025-10,Z039,942,17,ERP ventas
2025-10,Z040,448,31,ERP ventas
2025-10,Z041,598,19,ERP ventas
2025-10,Z042,463,26,ERP ventas
2025-10,Z043,510,21,ERP ventas
2025-10,Z044,595,7,ERP ventas
2025-10,Z045,543,5,ERP ventas
2025-10,Z046,460,10,ERP ventas
2025-10,Z047,537,25,ERP ventas
2025-10,Z048,408,25,ERP ventas
2025-10,Z049,411,27,ERP ventas
2025-10,Z050,430,23,ERP ventas
2025-10,Z051,325,18,ERP ventas
2025-10,Z052,443,17,ERP ventas
2025-10,Z053,357,9,ERP ventas
2025-10,Z054,346,18,ERP ventas
2025-10,Z055,406,30,ERP ventas
2025-10,Z056,260,13,ERP ventas
2025-10,Z057,434,4,ERP ventas
2025-10,Z058,446,16,ERP ventas
2025-10,Z059,317,11,ERP ventas
2025-10,Z060,354,7,ERP ventas
2025-11,Z001,2918,22,ERP ventas
2025-11,Z002,3715,11,ERP ventas
2025-11,Z003,3100,19,ERP ventas
2025-11,Z004,2248,24,ERP ventas
2025-11,Z005,2562,16,ERP ventas
2025-11,Z006,2977,7,ERP ventas
2025-11,Z007,3529,15,ERP ventas
2025-11,Z008,2817,7,ERP ventas
2025-11,Z009,2346,25,ERP ventas
2025-11,Z010,3174,31,ERP ventas
2025-11,Z011,1498,12,ERP ventas
2025-11,Z012,2028,7,ERP ventas
2025-11,Z013,1756,4,ERP ventas
2025-11,Z014,2417,28,ERP ventas
2025-11,Z015,1341,7,ERP ventas
2025-11,Z016,2139,13,ERP ventas
2025-11,Z017,1088,31,ERP ventas
2025-11,Z018,1268,13,ERP ventas
2025-11,Z019,1127,14,ERP ventas
2025-11,Z020,1972,23,ERP ventas
2025-11,Z021,1724,11,ERP ventas
2025-11,Z022,990,20,ERP ventas
2025-11,Z023,1648,11,ERP ventas
2025-11,Z024,875,7,ERP ventas
2025-11,Z025,1683,28,ERP ventas
2025-11,Z026,1120,15,ERP ventas
2025-11,Z027,1008,16,ERP ventas
2025-11,Z028,1350,7,ERP ventas
2025-11,Z029,-14,17,ERP ventas
2025-11,Z030,1148,28,ERP ventas
2025-11,Z031,612,23,ERP ventas
2025-11,Z032,730,24,ERP ventas
2025-11,Z033,934,27,ERP ventas
2025-11,Z034,493,29,ERP ventas
2025-11,Z035,977,27,ERP ventas
2025-11,Z036,587,29,ERP ventas
2025-11,Z037,466,13,ERP ventas
2025-11,Z038,558,4,ERP ventas
2025-11,Z039,1013,25,ERP ventas
2025-11,Z040,449,7,ERP ventas
2025-11,Z041,612,24,ERP ventas
2025-11,Z042,498,24,ERP ventas
2025-11,Z043,556,16,ERP ventas
2025-11,Z044,661,20,ERP ventas
2025-11,Z045,592,25,ERP ventas
2025-11,Z046,523,25,ERP ventas
2025-11,Z047,489,15,ERP ventas
2025-11,Z048,415,9,ERP ventas
2025-11,Z049,447,24,ERP ventas
2025-11,Z050,485,8,ERP ventas
2025-11,Z051,356,11,ERP ventas
2025-11,Z052,441,29,ERP ventas
2025-11,Z053,335,8,ERP ventas
2025-11,Z054,394,7,ERP ventas
2025-11,Z055,426,31,ERP ventas
2025-11,Z056,284,5,ERP ventas
2025-11,Z057,380,33,ERP ventas
2025-11,Z058,545,18,ERP ventas
2025-11,Z059,325,21,ERP ventas
2025-11,Z060,356,4,ERP ventas
2025-12,Z001,2957,20,ERP ventas
2025-12,Z002,3642,32,ERP ventas
2025-12,Z003,3630,27,ERP ventas
2025-12,Z004,2386,6,ERP ventas
2025-12,Z005,2943,6,ERP ventas
2025-12,Z006,3142,12,ERP ventas
2025-12,Z007,3890,6,ERP ventas
2025-12,Z008,3241,32,ERP ventas
2025-12,Z009,2866,21,ERP ventas
2025-12,Z010,3905,28,ERP ventas
2025-12,Z011,1519,31,ERP ventas
2025-12,Z012,2182,20,ERP ventas
2025-12,Z013,1658,33,ERP ventas
2025-12,Z014,2651,18,ERP ventas
2025-12,Z015,1341,9,ERP ventas
2025-12,Z016,2435,8,ERP ventas
2025-12,Z017,1106,13,ERP ventas
2025-12,Z018,1288,10,ERP ventas
2025-12,Z019,1506,9,ERP ventas
2025-12,Z020,1937,15,ERP ventas
2025-12,Z021,1509,6,ERP ventas
2025-12,Z022,994,8,ERP ventas
2025-12,Z023,1833,23,ERP ventas
2025-12,Z024,992,7,ERP ventas
2025-12,Z025,1617,13,ERP ventas
2025-12,Z026,1343,27,ERP ventas
2025-12,Z027,1260,16,ERP ventas
2025-12,Z028,1569,14,ERP ventas
2025-12,Z029,1223,22,ERP ventas
2025-12,Z030,1279,22,ERP ventas
2025-12,Z031,791,23,ERP ventas
2025-12,Z032,887,24,ERP ventas
2025-12,Z033,807,33,ERP ventas
2025-12,Z034,548,9,ERP ventas
2025-12,Z035,872,25,ERP ventas
2025-12,Z036,572,25,ERP ventas
2025-12,Z037,514,10,ERP ventas
2025-12,Z038,594,20,ERP ventas
2025-12,Z039,1158,4,ERP ventas
2025-12,Z040,526,26,ERP ventas
2025-12,Z041,660,27,ERP ventas
2025-12,Z042,527,6,ERP ventas
2025-12,Z043,598,20,ERP ventas
2025-12,Z044,677,7,ERP ventas
2025-12,Z045,509,28,ERP ventas
2025-12,Z046,670,29,ERP ventas
2025-12,Z047,574,19,ERP ventas
2025-12,Z048,421,32,ERP ventas
2025-12,Z049,509,26,ERP ventas
2025-12,Z050,446,9,ERP ventas
2025-12,Z051,351,18,ERP ventas
2025-12,Z052,460,28,ERP ventas
2025-12,Z053,345,6,ERP ventas
2025-12,Z054,366,14,ERP ventas
2025-12,Z055,357,28,ERP ventas
2025-12,Z056,307,18,ERP ventas
2025-12,Z057,446,28,ERP ventas
2025-12,Z058,610,15,ERP ventas
2025-12,Z059,331,10,ERP ventas
2025-12,Z060,325,27,ERP ventas
2026-01,Z001,2604,11,ERP ventas
2026-01,Z002,3558,31,ERP ventas
2026-01,Z003,3161,24,ERP ventas
2026-01,Z004,2082,31,ERP ventas
2026-01,Z005,2805,31,ERP ventas
2026-01,Z006,2946,26,ERP ventas
2026-01,Z007,3928,28,ERP ventas
2026-01,Z008,3432,27,ERP ventas
2026-01,Z009,2483,25,ERP ventas
2026-01,Z010,3760,5,ERP ventas
2026-01,Z011,1702,11,ERP ventas
2026-01,Z012,2247,33,ERP ventas
2026-01,Z013,1808,33,ERP ventas
2026-01,Z014,2141,4,ERP ventas
2026-01,Z015,1443,30,ERP ventas
2026-01,Z016,2168,21,ERP ventas
2026-01,Z017,1115,20,ERP ventas
2026-01,Z018,1274,6,ERP ventas
2026-01,Z019,1275,4,ERP ventas
2026-01,Z020,2111,11,ERP ventas
2026-01,Z021,1691,12,ERP ventas
2026-01,Z022,1171,28,ERP ventas
2026-01,Z023,1649,7,ERP ventas
2026-01,Z024,1036,31,ERP ventas
2026-01,Z025,1749,17,ERP ventas
2026-01,Z026,1516,27,ERP ventas
2026-01,Z027,1276,9,ERP ventas
2026-01,Z028,1726,26,ERP ventas
2026-01,Z029,1043,28,ERP ventas
2026-01,Z030,1177,17,ERP ventas
2026-01,Z031,661,19,ERP ventas
2026-01,Z032,739,24,ERP ventas
2026-01,Z033,824,4,ERP ventas
2026-01,Z034,599,21,ERP ventas
2026-01,Z035,836,25,ERP ventas
2026-01,Z036,575,30,ERP ventas
2026-01,Z037,483,19,ERP ventas
2026-01,Z038,485,17,ERP ventas
2026-01,Z039,985,18,ERP ventas
2026-01,Z040,535,22,ERP ventas
2026-01,Z041,641,13,ERP ventas
2026-01,Z042,535,20,ERP ventas
2026-01,Z043,605,27,ERP ventas
2026-01,Z044,670,29,ERP ventas
2026-01,Z045,507,19,ERP ventas
2026-01,Z046,639,10,ERP ventas
2026-01,Z047,515,33,ERP ventas
2026-01,Z048,402,27,ERP ventas
2026-01,Z049,400,19,ERP ventas
2026-01,Z050,485,19,ERP ventas
2026-01,Z051,,28,ERP ventas
2026-01,Z052,509,30,ERP ventas
2026-01,Z053,331,27,ERP ventas
2026-01,Z054,446,15,ERP ventas
2026-01,Z055,451,32,ERP ventas
2026-01,Z056,255,5,ERP ventas
2026-01,Z057,480,30,ERP ventas
2026-01,Z058,532,23,ERP ventas
2026-01,Z059,350,30,ERP ventas
2026-01,Z060,332,14,ERP ventas
2026-02,Z001,3555,25,ERP ventas
2026-02,Z002,3594,11,ERP ventas
2026-02,Z003,3652,7,ERP ventas
2026-02,Z004,2517,15,ERP ventas
2026-02,Z005,3213,27,ERP ventas
2026-02,Z006,3604,19,ERP ventas
2026-02,Z007,4727,29,ERP ventas
2026-02,Z008,3796,32,ERP ventas
2026-02,Z009,3228,8,ERP ventas
2026-02,Z010,3498,31,ERP ventas
2026-02,Z011,1882,4,ERP ventas
2026-02,Z012,2161,28,ERP ventas
2026-02,Z013,1963,11,ERP ventas
2026-02,Z014,2636,26,ERP ventas
2026-02,Z015,1436,30,ERP ventas
2026-02,Z016,2841,25,ERP ventas
2026-02,Z017,1079,22,ERP ventas
2026-02,Z018,1270,27,ERP ventas
2026-02,Z019,1507,21,ERP ventas
2026-02,Z020,2242,17,ERP ventas
2026-02,Z021,1674,9999,ERP ventas
2026-02,Z022,1060,6,ERP ventas
2026-02,Z023,2028,8,ERP ventas
2026-02,Z024,1049,21,ERP ventas
2026-02,Z025,1782,20,ERP ventas
2026-02,Z026,1421,14,ERP ventas
2026-02,Z027,1039,26,ERP ventas
2026-02,Z028,1427,5,ERP ventas
2026-02,Z029,1087,8,ERP ventas
2026-02,Z030,1181,24,ERP ventas
2026-02,Z031,798,18,ERP ventas
2026-02,Z032,884,6,ERP ventas
2026-02,Z033,1089,21,ERP ventas
2026-02,Z034,583,26,ERP ventas
2026-02,Z035,995,20,ERP ventas
2026-02,Z036,727,25,ERP ventas
2026-02,Z037,597,23,ERP ventas
2026-02,Z038,588,20,ERP ventas
2026-02,Z039,1038,14,ERP ventas
2026-02,Z040,541,19,ERP ventas
2026-02,Z041,893,7,ERP ventas
2026-02,Z042,575,4,ERP ventas
2026-02,Z043,652,14,ERP ventas
2026-02,Z044,713,8,ERP ventas
2026-02,Z045,518,25,ERP ventas
2026-02,Z046,543,6,ERP ventas
2026-02,Z047,639,18,ERP ventas
2026-02,Z048,463,29,ERP ventas
2026-02,Z049,424,21,ERP ventas
2026-02,Z050,589,30,ERP ventas
2026-02,Z051,339,15,ERP ventas
2026-02,Z052,522,33,ERP ventas
2026-02,Z053,421,8,ERP ventas
2026-02,Z054,404,9,ERP ventas
2026-02,Z055,404,15,ERP ventas
2026-02,Z056,294,13,ERP ventas
2026-02,Z057,462,29,ERP ventas
2026-02,Z058,544,10,ERP ventas
2026-02,Z059,425,19,ERP ventas
2026-02,Z060,344,10,ERP ventas
2026-03,Z001,2916,31,ERP ventas
2026-03,Z002,3721,9,ERP ventas
2026-03,Z003,3398,8,ERP ventas
2026-03,Z004,2803,24,ERP ventas
2026-03,Z005,2520,30,ERP ventas
2026-03,Z006,2845,14,ERP ventas
2026-03,Z007,4534,19,ERP ventas
2026-03,Z008,3069,15,ERP ventas
2026-03,Z009,3054,28,ERP ventas
2026-03,Z010,3782,7,ERP ventas
2026-03,Z011,1801,28,ERP ventas
2026-03,Z012,2105,16,ERP ventas
2026-03,Z013,1923,15,ERP ventas
2026-03,Z014,2342,9,ERP ventas
2026-03,Z015,1382,22,ERP ventas
2026-03,Z016,2337,16,ERP ventas
2026-03,Z017,1296,7,ERP ventas
2026-03,Z018,1474,25,ERP ventas
2026-03,Z019,1202,24,ERP ventas
2026-03,Z020,2025,31,ERP ventas
2026-03,Z021,1812,30,ERP ventas
2026-03,Z022,1096,26,ERP ventas
2026-03,Z023,2085,33,ERP ventas
2026-03,Z024,1008,5,ERP ventas
2026-03,Z025,1996,19,ERP ventas
2026-03,Z026,1227,16,ERP ventas
2026-03,Z027,1057,8,ERP ventas
2026-03,Z028,1762,26,ERP ventas
2026-03,Z029,1140,18,ERP ventas
2026-03,Z030,1349,33,ERP ventas
2026-03,Z031,677,20,ERP ventas
2026-03,Z032,957,33,ERP ventas
2026-03,Z033,951,26,ERP ventas
2026-03,Z034,537,20,ERP ventas
2026-03,Z035,1082,28,ERP ventas
2026-03,Z036,675,9,ERP ventas
2026-03,Z037,627,18,ERP ventas
2026-03,Z038,601,31,ERP ventas
2026-03,Z039,1059,22,ERP ventas
2026-03,Z040,543,30,ERP ventas
2026-03,Z041,719,10,ERP ventas
2026-03,Z042,605,28,ERP ventas
2026-03,Z043,637,29,ERP ventas
2026-03,Z044,712,7,ERP ventas
2026-03,Z045,601,12,ERP ventas
2026-03,Z046,687,24,ERP ventas
2026-03,Z047,510,19,ERP ventas
2026-03,Z048,452,29,ERP ventas
2026-03,Z049,513,21,ERP ventas
2026-03,Z050,532,27,ERP ventas
2026-03,Z051,397,30,ERP ventas
2026-03,Z052,465,16,ERP ventas
2026-03,Z053,388,15,ERP ventas
2026-03,Z054,422,18,ERP ventas
2026-03,Z055,373,12,ERP ventas
2026-03,Z056,276,9,ERP ventas
2026-03,Z057,424,7,ERP ventas
2026-03,Z058,612,19,ERP ventas
2026-03,Z059,388,12,ERP ventas
2026-03,Z060,393,7,ERP ventas
2026-04,Z001,3014,25,ERP ventas
2026-04,Z002,4886,9,ERP ventas
2026-04,Z003,3789,17,ERP ventas
2026-04,Z004,2992,17,ERP ventas
2026-04,Z005,2838,33,ERP ventas
2026-04,Z006,3372,15,ERP ventas
2026-04,Z007,4458,23,ERP ventas
2026-04,Z008,4012,6,ERP ventas
2026-04,Z009,2781,20,ERP ventas
2026-04,Z010,3365,5,ERP ventas
2026-04,Z011,1851,18,ERP ventas
2026-04,Z012,2726,12,ERP ventas
2026-04,Z013,2175,33,ERP ventas
2026-04,Z014,3012,7,ERP ventas
2026-04,Z015,1442,17,ERP ventas
2026-04,Z016,3003,10,ERP ventas
2026-04,Z017,1274,13,ERP ventas
2026-04,Z018,1393,31,ERP ventas
2026-04,Z019,1398,12,ERP ventas
2026-04,Z020,2112,26,ERP ventas
2026-04,Z021,2051,5,ERP ventas
2026-04,Z022,1261,9,ERP ventas
2026-04,Z023,1865,4,ERP ventas
2026-04,Z024,967,27,ERP ventas
2026-04,Z025,1953,27,ERP ventas
2026-04,Z026,1463,33,ERP ventas
2026-04,Z027,1231,23,ERP ventas
2026-04,Z028,1743,13,ERP ventas
2026-04,Z029,1097,5,ERP ventas
2026-04,Z030,1153,23,ERP ventas
2026-04,Z031,800,10,ERP ventas
2026-04,Z032,932,7,ERP ventas
2026-04,Z033,926,29,ERP ventas
2026-04,Z034,587,33,ERP ventas
2026-04,Z035,1114,25,ERP ventas
2026-04,Z036,775,14,ERP ventas
2026-04,Z037,669,17,ERP ventas
2026-04,Z038,593,8,ERP ventas
2026-04,Z039,1239,6,ERP ventas
2026-04,Z040,531,26,ERP ventas
2026-04,Z041,915,24,ERP ventas
2026-04,Z042,,16,ERP ventas
2026-04,Z043,729,6,ERP ventas
2026-04,Z044,748,30,ERP ventas
2026-04,Z045,677,12,ERP ventas
2026-04,Z046,561,7,ERP ventas
2026-04,Z047,538,18,ERP ventas
2026-04,Z048,502,10,ERP ventas
2026-04,Z049,511,15,ERP ventas
2026-04,Z050,547,33,ERP ventas
2026-04,Z051,351,13,ERP ventas
2026-04,Z052,588,6,ERP ventas
2026-04,Z053,484,22,ERP ventas
2026-04,Z054,476,10,ERP ventas
2026-04,Z055,401,33,ERP ventas
2026-04,Z056,285,7,ERP ventas
2026-04,Z057,489,24,ERP ventas
2026-04,Z058,558,5,ERP ventas
2026-04,Z059,444,30,ERP ventas
2026-04,Z060,449,13,ERP ventas
2026-05,Z001,3653,24,ERP ventas
2026-05,Z002,3882,16,ERP ventas
2026-05,Z003,4216,21,ERP ventas
2026-05,Z004,2480,26,ERP ventas
2026-05,Z005,3175,21,ERP ventas
2026-05,Z006,3453,11,ERP ventas
2026-05,Z007,4805,16,ERP ventas
2026-05,Z008,4246,29,ERP ventas
2026-05,Z009,3538,20,ERP ventas
2026-05,Z010,4111,5,ERP ventas
2026-05,Z011,1807,14,ERP ventas
2026-05,Z012,2421,10,ERP ventas
2026-05,Z013,1975,6,ERP ventas
2026-05,Z014,2467,5,ERP ventas
2026-05,Z015,1696,31,ERP ventas
2026-05,Z016,2745,8,ERP ventas
2026-05,Z017,1288,32,ERP ventas
2026-05,Z018,1684,25,ERP ventas
2026-05,Z019,1294,32,ERP ventas
2026-05,Z020,2295,18,ERP ventas
2026-05,Z021,2110,19,ERP ventas
2026-05,Z022,1169,13,ERP ventas
2026-05,Z023,2264,32,ERP ventas
2026-05,Z024,1216,30,ERP ventas
2026-05,Z025,2035,15,ERP ventas
2026-05,Z026,1516,25,ERP ventas
2026-05,Z027,1305,12,ERP ventas
2026-05,Z028,1523,33,ERP ventas
2026-05,Z029,1420,4,ERP ventas
2026-05,Z030,1430,21,ERP ventas
2026-05,Z031,693,32,ERP ventas
2026-05,Z032,891,11,ERP ventas
2026-05,Z033,1049,31,ERP ventas
2026-05,Z034,592,12,ERP ventas
2026-05,Z035,1114,27,ERP ventas
2026-05,Z036,636,10,ERP ventas
2026-05,Z037,549,13,ERP ventas
2026-05,Z038,653,22,ERP ventas
2026-05,Z039,1355,5,ERP ventas
2026-05,Z040,664,33,ERP ventas
2026-05,Z041,946,17,ERP ventas
2026-05,Z042,685,8,ERP ventas
2026-05,Z043,733,29,ERP ventas
2026-05,Z044,634,24,ERP ventas
2026-05,Z045,729,6,ERP ventas
2026-05,Z046,745,29,ERP ventas
2026-05,Z047,668,17,ERP ventas
2026-05,Z048,542,19,ERP ventas
2026-05,Z049,492,18,ERP ventas
2026-05,Z050,632,33,ERP ventas
2026-05,Z051,410,28,ERP ventas
2026-05,Z052,594,5,ERP ventas
2026-05,Z053,454,7,ERP ventas
2026-05,Z054,487,22,ERP ventas
2026-05,Z055,495,28,ERP ventas
2026-05,Z056,287,32,ERP ventas
2026-05,Z057,508,5,ERP ventas
2026-05,Z058,625,15,ERP ventas
2026-05,Z059,455,11,ERP ventas
2026-05,Z060,367,11,ERP ventas
2026-06,Z001,3908,13,ERP ventas
2026-06,Z002,4339,17,ERP ventas
2026-06,Z003,4610,29,ERP ventas
2026-06,Z004,3051,26,ERP ventas
2026-06,Z005,3390,32,ERP ventas
2026-06,Z006,3489,30,ERP ventas
2026-06,Z007,4198,33,ERP ventas
2026-06,Z008,4212,20,ERP ventas
2026-06,Z009,3579,16,ERP ventas
2026-06,Z010,4461,14,ERP ventas
2026-06,Z011,1839,10,ERP ventas
2026-06,Z012,2318,15,ERP ventas
2026-06,Z013,2390,21,ERP ventas
2026-06,Z014,2781,23,ERP ventas
2026-06,Z015,1561,13,ERP ventas
2026-06,Z016,2853,5,ERP ventas
2026-06,Z017,1329,29,ERP ventas
2026-06,Z018,1834,22,ERP ventas
2026-06,Z019,1441,18,ERP ventas
2026-06,Z020,2505,4,ERP ventas
2026-06,Z021,1964,14,ERP ventas
2026-06,Z022,1243,31,ERP ventas
2026-06,Z023,2053,33,ERP ventas
2026-06,Z024,1164,10,ERP ventas
2026-06,Z025,1846,24,ERP ventas
2026-06,Z026,1406,12,ERP ventas
2026-06,Z027,1166,4,ERP ventas
2026-06,Z028,1915,31,ERP ventas
2026-06,Z029,1319,33,ERP ventas
2026-06,Z030,1224,14,ERP ventas
2026-06,Z031,744,6,ERP ventas
2026-06,Z032,971,4,ERP ventas
2026-06,Z033,1047,32,ERP ventas
2026-06,Z034,695,15,ERP ventas
2026-06,Z035,1063,19,ERP ventas
2026-06,Z036,716,17,ERP ventas
2026-06,Z037,624,24,ERP ventas
2026-06,Z038,613,16,ERP ventas
2026-06,Z039,1336,8,ERP ventas
2026-06,Z040,590,15,ERP ventas
2026-06,Z041,878,13,ERP ventas
2026-06,Z042,754,7,ERP ventas
2026-06,Z043,788,21,ERP ventas
2026-06,Z044,756,10,ERP ventas
2026-06,Z045,630,23,ERP ventas
2026-06,Z046,682,17,ERP ventas
2026-06,Z047,752,17,ERP ventas
2026-06,Z048,490,28,ERP ventas
2026-06,Z049,527,18,ERP ventas
2026-06,Z050,622,24,ERP ventas
2026-06,Z051,390,19,ERP ventas
2026-06,Z052,613,9,ERP ventas
2026-06,Z053,467,9,ERP ventas
2026-06,Z054,501,29,ERP ventas
2026-06,Z055,441,7,ERP ventas
2026-06,Z056,368,32,ERP ventas
2026-06,Z057,589,15,ERP ventas
2026-06,Z058,590,4,ERP ventas
2026-06,Z059,463,18,ERP ventas
2026-06,Z060,460,26,ERP ventas
2026-07,Z001,4155,17,ERP ventas
2026-07,Z002,4184,15,ERP ventas
2026-07,Z003,5091,30,ERP ventas
2026-07,Z004,2679,23,ERP ventas
2026-07,Z005,3483,28,ERP ventas
2026-07,Z006,4093,25,ERP ventas
2026-07,Z007,5324,9,ERP ventas
2026-07,Z008,4178,9,ERP ventas
2026-07,Z009,3355,23,ERP ventas
2026-07,Z010,4435,10,ERP ventas
2026-07,Z011,2166,28,ERP ventas
2026-07,Z012,2738,15,ERP ventas
2026-07,Z013,2561,8,ERP ventas
2026-07,Z014,2918,12,ERP ventas
2026-07,Z015,1839,17,ERP ventas
2026-07,Z016,3100,21,ERP ventas
2026-07,Z017,1400,32,ERP ventas
2026-07,Z018,1789,15,ERP ventas
2026-07,Z019,1519,11,ERP ventas
2026-07,Z020,2247,23,ERP ventas
2026-07,Z021,1935,14,ERP ventas
2026-07,Z022,1367,5,ERP ventas
2026-07,Z023,2602,10,ERP ventas
2026-07,Z024,1146,6,ERP ventas
2026-07,Z025,2123,25,ERP ventas
2026-07,Z026,1632,12,ERP ventas
2026-07,Z027,1343,18,ERP ventas
2026-07,Z028,2158,26,ERP ventas
2026-07,Z029,1559,31,ERP ventas
2026-07,Z030,1570,12,ERP ventas
2026-07,Z031,826,32,ERP ventas
2026-07,Z032,1101,18,ERP ventas
2026-07,Z033,1281,14,ERP ventas
2026-07,Z034,655,16,ERP ventas
2026-07,Z035,1189,19,ERP ventas
2026-07,Z036,747,22,ERP ventas
2026-07,Z037,639,11,ERP ventas
2026-07,Z038,637,23,ERP ventas
2026-07,Z039,1376,28,ERP ventas
2026-07,Z040,635,8,ERP ventas
2026-07,Z041,995,14,ERP ventas
2026-07,Z042,708,25,ERP ventas
2026-07,Z043,842,22,ERP ventas
2026-07,Z044,701,25,ERP ventas
2026-07,Z045,730,19,ERP ventas
2026-07,Z046,691,12,ERP ventas
2026-07,Z047,609,10,ERP ventas
2026-07,Z048,547,20,ERP ventas
2026-07,Z049,631,13,ERP ventas
2026-07,Z050,719,29,ERP ventas
2026-07,Z051,489,16,ERP ventas
2026-07,Z052,539,17,ERP ventas
2026-07,Z053,471,27,ERP ventas
2026-07,Z054,456,15,ERP ventas
2026-07,Z055,518,18,ERP ventas
2026-07,Z056,334,17,ERP ventas
2026-07,Z057,579,17,ERP ventas
2026-07,Z058,755,16,ERP ventas
2026-07,Z059,530,21,ERP ventas
2026-07,Z060,,4,ERP ventas
2026-08,Z001,3876,22,ERP ventas
2026-08,Z002,5027,21,ERP ventas
2026-08,Z003,5346,29,ERP ventas
2026-08,Z004,3183,5,ERP ventas
2026-08,Z005,3037,26,ERP ventas
2026-08,Z006,3924,10,ERP ventas
2026-08,Z007,5886,29,ERP ventas
2026-08,Z008,3932,10,ERP ventas
2026-08,Z009,3785,32,ERP ventas
2026-08,Z010,4575,16,ERP ventas
2026-08,Z011,2588,10,ERP ventas
2026-08,Z012,2623,10,ERP ventas
2026-08,Z013,2503,13,ERP ventas
2026-08,Z014,3489,27,ERP ventas
2026-08,Z015,1892,26,ERP ventas
2026-08,Z016,3055,14,ERP ventas
2026-08,Z017,1668,33,ERP ventas
2026-08,Z018,1882,26,ERP ventas
2026-08,Z019,1760,27,ERP ventas
2026-08,Z020,2735,19,ERP ventas
2026-08,Z021,2310,8,ERP ventas
2026-08,Z022,1663,8,ERP ventas
2026-08,Z023,2221,33,ERP ventas
2026-08,Z024,1366,4,ERP ventas
2026-08,Z025,2172,21,ERP ventas
2026-08,Z026,1886,9,ERP ventas
2026-08,Z027,1306,28,ERP ventas
2026-08,Z028,1828,23,ERP ventas
2026-08,Z029,1325,15,ERP ventas
2026-08,Z030,1450,22,ERP ventas
2026-08,Z031,956,29,ERP ventas
2026-08,Z032,1141,6,ERP ventas
2026-08,Z033,1139,26,ERP ventas
2026-08,Z034,811,21,ERP ventas
2026-08,Z035,1196,6,ERP ventas
2026-08,Z036,714,20,ERP ventas
2026-08,Z037,768,29,ERP ventas
2026-08,Z038,737,6,ERP ventas
2026-08,Z039,1504,16,ERP ventas
2026-08,Z040,747,8,ERP ventas
2026-08,Z041,1087,13,ERP ventas
2026-08,Z042,701,6,ERP ventas
2026-08,Z043,868,9,ERP ventas
2026-08,Z044,798,32,ERP ventas
2026-08,Z045,820,27,ERP ventas
2026-08,Z046,679,19,ERP ventas
2026-08,Z047,815,4,ERP ventas
2026-08,Z048,626,17,ERP ventas
2026-08,Z049,525,10,ERP ventas
2026-08,Z050,703,26,ERP ventas
2026-08,Z051,421,27,ERP ventas
2026-08,Z052,632,9,ERP ventas
2026-08,Z053,521,7,ERP ventas
2026-08,Z054,485,4,ERP ventas
2026-08,Z055,610,21,ERP ventas
2026-08,Z056,367,27,ERP ventas
2026-08,Z057,526,12,ERP ventas
2026-08,Z058,632,8,ERP ventas
2026-08,Z059,547,10,ERP ventas
2026-08,Z060,538,29,ERP ventas
2026-09,Z001,4429,6,ERP ventas
2026-09,Z002,5372,13,ERP ventas
2026-09,Z003,5976,30,ERP ventas
2026-09,Z004,3626,18,ERP ventas
2026-09,Z005,4432,22,ERP ventas
2026-09,Z006,4931,20,ERP ventas
2026-09,Z007,5620,25,ERP ventas
2026-09,Z008,4217,30,ERP ventas
2026-09,Z009,3606,9,ERP ventas
2026-09,Z010,4576,5,ERP ventas
2026-09,Z011,2771,7,ERP ventas
2026-09,Z012,3375,31,ERP ventas
2026-09,Z013,3015,16,ERP ventas
2026-09,Z014,3369,26,ERP ventas
2026-09,Z015,2253,33,ERP ventas
2026-09,Z016,3312,30,ERP ventas
2026-09,Z017,1651,27,ERP ventas
2026-09,Z018,2023,27,ERP ventas
2026-09,Z019,2182,22,ERP ventas
2026-09,Z020,3179,31,ERP ventas
2026-09,Z021,2127,7,ERP ventas
2026-09,Z022,1468,4,ERP ventas
2026-09,Z023,2828,21,ERP ventas
2026-09,Z024,1361,4,ERP ventas
2026-09,Z025,2628,27,ERP ventas
2026-09,Z026,2022,16,ERP ventas
2026-09,Z027,1622,7,ERP ventas
2026-09,Z028,2125,28,ERP ventas
2026-09,Z029,1539,4,ERP ventas
2026-09,Z030,1684,21,ERP ventas
2026-09,Z031,920,10,ERP ventas
2026-09,Z032,1257,30,ERP ventas
2026-09,Z033,1158,8,ERP ventas
2026-09,Z034,859,20,ERP ventas
2026-09,Z035,1481,14,ERP ventas
2026-09,Z036,980,25,ERP ventas
2026-09,Z037,843,22,ERP ventas
2026-09,Z038,872,31,ERP ventas
2026-09,Z039,1764,18,ERP ventas
2026-09,Z040,857,18,ERP ventas
2026-09,Z041,1209,22,ERP ventas
2026-09,Z042,761,15,ERP ventas
2026-09,Z043,856,5,ERP ventas
2026-09,Z044,899,17,ERP ventas
2026-09,Z045,877,26,ERP ventas
2026-09,Z046,804,23,ERP ventas
2026-09,Z047,723,17,ERP ventas
2026-09,Z048,617,18,ERP ventas
2026-09,Z049,620,21,ERP ventas
2026-09,Z050,695,6,ERP ventas
2026-09,Z051,587,26,ERP ventas
2026-09,Z052,790,21,ERP ventas
2026-09,Z053,563,5,ERP ventas
2026-09,Z054,668,24,ERP ventas
2026-09,Z055,602,22,ERP ventas
2026-09,Z056,378,7,ERP ventas
2026-09,Z057,642,12,ERP ventas
2026-09,Z058,873,23,ERP ventas
2026-09,Z059,600,20,ERP ventas
2026-09,Z060,574,18,ERP ventas
2025-10,Z013,1643,10,ERP ventas
2025-11,Z054,394,7,ERP ventas
2026-01,Z028,1726,26,ERP ventas
2026-04,Z052,588,6,ERP ventas
