mes,zona_id,pedidos_proyectados,canal,escenario,version_pronostico
2026-10,Z001,3724,ecommerce,base,2026-09-29
2026-10,Z002,4776,ecommerce,base,2026-09-29
2026-10,Z003,,ecommerce,base,2026-09-29
2026-10,Z004,3022,ecommerce,base,2026-09-29
2026-10,Z005,3288,ecommerce,base,2026-09-29
2026-10,Z006,3674,ecommerce,base,2026-09-29
2026-10,Z007,5020,ecommerce,base,2026-09-29
2026-10,Z008,4096,ecommerce,base,2026-09-29
2026-10,Z009,3511,ecommerce,base,2026-09-29
2026-10,Z010,4322,ecommerce,base,2026-09-29
2026-10,Z011,2129,ecommerce,base,2026-09-29
2026-10,Z012,2718,ecommerce,base,2026-09-29
2026-10,Z013,2217,ecommerce,base,2026-09-29
2026-10,Z014,3004,ecommerce,base,2026-09-29
2026-10,Z015,1746,ecommerce,base,2026-09-29
2026-10,Z016,3049,ecommerce,base,2026-09-29
2026-10,Z017,1441,ecommerce,base,2026-09-29
2026-10,Z018,1718,ecommerce,base,2026-09-29
2026-10,Z019,1640,ecommerce,base,2026-09-29
2026-10,Z020,2338,ecommerce,base,2026-09-29
2026-10,Z021,2044,ecommerce,base,2026-09-29
2026-10,Z022,1416,ecommerce,base,2026-09-29
2026-10,Z023,2254,ecommerce,base,2026-09-29
2026-10,Z024,1239,ecommerce,base,2026-09-29
2026-10,Z025,2162,ecommerce,base,2026-09-29
2026-10,Z026,1683,ecommerce,base,2026-09-29
2026-10,Z027,1406,ecommerce,base,2026-09-29
2026-10,Z028,1905,ecommerce,base,2026-09-29
2026-10,Z029,1399,ecommerce,base,2026-09-29
2026-10,Z030,1492,ecommerce,base,2026-09-29
2026-10,Z031,862,ecommerce,base,2026-09-29
2026-10,Z032,1052,ecommerce,base,2026-09-29
2026-10,Z033,1111,ecommerce,base,2026-09-29
2026-10,Z034,741,ecommerce,base,2026-09-29
2026-10,Z035,1160,ecommerce,base,2026-09-29
2026-10,Z036,766,ecommerce,base,2026-09-29
2026-10,Z037,657,ecommerce,base,2026-09-29
2026-10,Z038,678,ecommerce,base,2026-09-29
2026-10,Z039,1309,ecommerce,base,2026-09-29
2026-10,Z040,664,ecommerce,base,2026-09-29
2026-10,Z041,913,ecommerce,base,2026-09-29
2026-10,Z042,698,ecommerce,base,2026-09-29
2026-10,Z043,753,ecommerce,base,2026-09-29
2026-10,Z044,770,ecommerce,base,2026-09-29
2026-10,Z045,697,ecommerce,base,2026-09-29
2026-10,Z046,725,ecommerce,base,2026-09-29
2026-10,Z047,694,ecommerce,base,2026-09-29
2026-10,Z048,574,ecommerce,base,2026-09-29
2026-10,Z049,553,ecommerce,base,2026-09-29
2026-10,Z050,623,ecommerce,base,2026-09-29
2026-10,Z051,435,ecommerce,base,2026-09-29
2026-10,Z052,584,ecommerce,base,2026-09-29
2026-10,Z053,475,ecommerce,base,2026-09-29
2026-10,Z054,491,ecommerce,base,2026-09-29
2026-10,Z055,510,ecommerce,base,2026-09-29
2026-10,Z056,346,ecommerce,base,2026-09-29
2026-10,Z057,543,ecommerce,base,2026-09-29
2026-10,Z058,686,ecommerce,base,2026-09-29
2026-10,Z059,467,ecommerce,base,2026-09-29
2026-10,Z060,463,ecommerce,base,2026-09-29
2026-11,Z001,4273,ecommerce,base,2026-09-29
2026-11,Z002,4994,ecommerce,base,2026-09-29
2026-11,Z003,4463,ecommerce,base,2026-09-29
2026-11,Z004,3090,ecommerce,base,2026-09-29
2026-11,Z005,3566,ecommerce,base,2026-09-29
2026-11,Z006,3901,ecommerce,base,2026-09-29
2026-11,Z007,5277,ecommerce,base,2026-09-29
2026-11,Z008,4404,ecommerce,base,2026-09-29
2026-11,Z009,3601,ecommerce,base,2026-09-29
2026-11,Z010,4224,ecommerce,base,2026-09-29
2026-11,Z011,2179,ecommerce,base,2026-09-29
2026-11,Z012,2680,ecommerce,base,2026-09-29
2026-11,Z013,2507,ecommerce,base,2026-09-29
2026-11,Z014,3135,ecommerce,base,2026-09-29
2026-11,Z015,1844,ecommerce,base,2026-09-29
2026-11,Z016,3507,ecommerce,base,2026-09-29
2026-11,Z017,1404,ecommerce,base,2026-09-29
2026-11,Z018,1929,ecommerce,base,2026-09-29
2026-11,Z019,1661,ecommerce,base,2026-09-29
2026-11,Z020,2315,ecommerce,base,2026-09-29
2026-11,Z021,2187,ecommerce,base,2026-09-29
2026-11,Z022,1424,ecommerce,base,2026-09-29
2026-11,Z023,2322,ecommerce,base,2026-09-29
2026-11,Z024,1290,ecommerce,base,2026-09-29
2026-11,Z025,2167,ecommerce,base,2026-09-29
2026-11,Z026,1710,ecommerce,base,2026-09-29
2026-11,Z027,1607,ecommerce,base,2026-09-29
2026-11,Z028,1895,ecommerce,base,2026-09-29
2026-11,Z029,1384,ecommerce,base,2026-09-29
2026-11,Z030,1532,ecommerce,base,2026-09-29
2026-11,Z031,999,ecommerce,base,2026-09-29
2026-11,Z032,1218,ecommerce,base,2026-09-29
2026-11,Z033,1197,ecommerce,base,2026-09-29
2026-11,Z034,858,ecommerce,base,2026-09-29
2026-11,Z035,1293,ecommerce,base,2026-09-29
2026-11,Z036,876,ecommerce,base,2026-09-29
2026-11,Z037,737,ecommerce,base,2026-09-29
2026-11,Z038,753,ecommerce,base,2026-09-29
2026-11,Z039,1375,ecommerce,base,2026-09-29
2026-11,Z040,772,ecommerce,base,2026-09-29
2026-11,Z041,1008,ecommerce,base,2026-09-29
2026-11,Z042,729,ecommerce,base,2026-09-29
2026-11,Z043,869,ecommerce,base,2026-09-29
2026-11,Z044,819,ecommerce,base,2026-09-29
2026-11,Z045,732,ecommerce,base,2026-09-29
2026-11,Z046,764,ecommerce,base,2026-09-29
2026-11,Z047,764,ecommerce,base,2026-09-29
2026-11,Z048,609,ecommerce,base,2026-09-29
2026-11,Z049,591,ecommerce,base,2026-09-29
2026-11,Z050,654,ecommerce,base,2026-09-29
2026-11,Z051,507,ecommerce,base,2026-09-29
2026-11,Z052,604,ecommerce,base,2026-09-29
2026-11,Z053,496,ecommerce,base,2026-09-29
2026-11,Z054,556,ecommerce,base,2026-09-29
2026-11,Z055,560,ecommerce,base,2026-09-29
2026-11,Z056,385,ecommerce,base,2026-09-29
2026-11,Z057,603,ecommerce,base,2026-09-29
2026-11,Z058,670,ecommerce,base,2026-09-29
2026-11,Z059,486,ecommerce,base,2026-09-29
2026-11,Z060,535,ecommerce,base,2026-09-29
2026-12,Z001,4484,ecommerce,base,2026-09-29
2026-12,Z002,6157,ecommerce,base,2026-09-29
2026-12,Z003,5578,ecommerce,base,2026-09-29
2026-12,Z004,3744,ecommerce,base,2026-09-29
2026-12,Z005,4439,ecommerce,base,2026-09-29
2026-12,Z006,,ecommerce,base,2026-09-29
2026-12,Z007,5680,ecommerce,base,2026-09-29
2026-12,Z008,5304,ecommerce,base,2026-09-29
2026-12,Z009,4181,ecommerce,base,2026-09-29
2026-12,Z010,5278,ecommerce,base,2026-09-29
2026-12,Z011,2540,ecommerce,base,2026-09-29
2026-12,Z012,3451,ecommerce,base,2026-09-29
2026-12,Z013,2664,ecommerce,base,2026-09-29
2026-12,Z014,-250,ecommerce,base,2026-09-29
2026-12,Z015,2184,ecommerce,base,2026-09-29
2026-12,Z016,3973,ecommerce,base,2026-09-29
2026-12,Z017,1851,ecommerce,base,2026-09-29
2026-12,Z018,2137,ecommerce,base,2026-09-29
2026-12,Z019,2005,ecommerce,base,2026-09-29
2026-12,Z020,2837,ecommerce,base,2026-09-29
2026-12,Z021,2345,ecommerce,base,2026-09-29
2026-12,Z022,1670,ecommerce,base,2026-09-29
2026-12,Z023,2648,ecommerce,base,2026-09-29
2026-12,Z024,1562,ecommerce,base,2026-09-29
2026-12,Z025,2489,ecommerce,base,2026-09-29
2026-12,Z026,2169,ecommerce,base,2026-09-29
2026-12,Z027,1600,ecommerce,base,2026-09-29
2026-12,Z028,2564,ecommerce,base,2026-09-29
2026-12,Z029,1774,ecommerce,base,2026-09-29
2026-12,Z030,1731,ecommerce,base,2026-09-29
2026-12,Z031,1021,ecommerce,base,2026-09-29
2026-12,Z032,1421,ecommerce,base,2026-09-29
2026-12,Z033,1319,ecommerce,base,2026-09-29
2026-12,Z034,872,ecommerce,base,2026-09-29
2026-12,Z035,1495,ecommerce,base,2026-09-29
2026-12,Z036,904,ecommerce,base,2026-09-29
2026-12,Z037,884,ecommerce,base,2026-09-29
2026-12,Z038,805,ecommerce,base,2026-09-29
2026-12,Z039,1508,ecommerce,base,2026-09-29
2026-12,Z040,853,ecommerce,base,2026-09-29
2026-12,Z041,1033,ecommerce,base,2026-09-29
2026-12,Z042,799,ecommerce,base,2026-09-29
2026-12,Z043,1001,ecommerce,base,2026-09-29
2026-12,Z044,1034,ecommerce,base,2026-09-29
2026-12,Z045,789,ecommerce,base,2026-09-29
2026-12,Z046,892,ecommerce,base,2026-09-29
2026-12,Z047,936,ecommerce,base,2026-09-29
2026-12,Z048,748,ecommerce,base,2026-09-29
2026-12,Z049,664,ecommerce,base,2026-09-29
2026-12,Z050,840,ecommerce,base,2026-09-29
2026-12,Z051,559,ecommerce,base,2026-09-29
2026-12,Z052,734,ecommerce,base,2026-09-29
2026-12,Z053,544,ecommerce,base,2026-09-29
2026-12,Z054,654,ecommerce,base,2026-09-29
2026-12,Z055,663,ecommerce,base,2026-09-29
2026-12,Z056,458,ecommerce,base,2026-09-29
2026-12,Z057,669,ecommerce,base,2026-09-29
2026-12,Z058,809,ecommerce,base,2026-09-29
2026-12,Z059,605,ecommerce,base,2026-09-29
2026-12,Z060,576,ecommerce,base,2026-09-29
2027-01,Z001,3441,ecommerce,base,2026-09-29
2027-01,Z002,4215,ecommerce,base,2026-09-29
2027-01,Z003,4436,ecommerce,base,2026-09-29
2027-01,Z004,3035,ecommerce,base,2026-09-29
2027-01,Z005,3343,ecommerce,base,2026-09-29
2027-01,Z006,3464,ecommerce,base,2026-09-29
2027-01,Z007,4461,ecommerce,base,2026-09-29
2027-01,Z008,3944,ecommerce,base,2026-09-29
2027-01,Z009,3300,ecommerce,base,2026-09-29
2027-01,Z010,3698,ecommerce,base,2026-09-29
2027-01,Z011,2076,ecommerce,base,2026-09-29
2027-01,Z012,2559,ecommerce,base,2026-09-29
2027-01,Z013,2063,ecommerce,base,2026-09-29
2027-01,Z014,2678,ecommerce,base,2026-09-29
2027-01,Z015,1558,ecommerce,base,2026-09-29
2027-01,Z016,2693,ecommerce,base,2026-09-29
2027-01,Z017,1400,ecommerce,base,2026-09-29
2027-01,Z018,1700,ecommerce,base,2026-09-29
2027-01,Z019,1605,ecommerce,base,2026-09-29
2027-01,Z020,2018,ecommerce,base,2026-09-29
2027-01,Z021,2047,ecommerce,base,2026-09-29
2027-01,Z022,1240,ecommerce,base,2026-09-29
2027-01,Z023,2006,ecommerce,base,2026-09-29
2027-01,Z024,1121,ecommerce,base,2026-09-29
2027-01,Z025,2179,ecommerce,base,2026-09-29
2027-01,Z026,1536,ecommerce,base,2026-09-29
2027-01,Z027,1388,ecommerce,base,2026-09-29
2027-01,Z028,1858,ecommerce,base,2026-09-29
2027-01,Z029,1403,ecommerce,base,2026-09-29
2027-01,Z030,1381,ecommerce,base,2026-09-29
2027-01,Z031,748,ecommerce,base,2026-09-29
2027-01,Z032,978,ecommerce,base,2026-09-29
2027-01,Z033,957,ecommerce,base,2026-09-29
2027-01,Z034,685,ecommerce,base,2026-09-29
2027-01,Z035,999,ecommerce,base,2026-09-29
2027-01,Z036,714,ecommerce,base,2026-09-29
2027-01,Z037,576,ecommerce,base,2026-09-29
2027-01,Z038,632,ecommerce,base,2026-09-29
2027-01,Z039,1125,ecommerce,base,2026-09-29
2027-01,Z040,608,ecommerce,base,2026-09-29
2027-01,Z041,914,ecommerce,base,2026-09-29
2027-01,Z042,607,ecommerce,base,2026-09-29
2027-01,Z043,657,ecommerce,base,2026-09-29
2027-01,Z044,680,ecommerce,base,2026-09-29
2027-01,Z045,614,ecommerce,base,2026-09-29
2027-01,Z046,670,ecommerce,base,2026-09-29
2027-01,Z047,686,ecommerce,base,2026-09-29
2027-01,Z048,571,ecommerce,base,2026-09-29
2027-01,Z049,514,ecommerce,base,2026-09-29
2027-01,Z050,612,ecommerce,base,2026-09-29
2027-01,Z051,395,ecommerce,base,2026-09-29
2027-01,Z052,523,ecommerce,base,2026-09-29
2027-01,Z053,445,ecommerce,base,2026-09-29
2027-01,Z054,454,ecommerce,base,2026-09-29
2027-01,Z055,515,ecommerce,base,2026-09-29
2027-01,Z056,329,ecommerce,base,2026-09-29
2027-01,Z057,508,ecommerce,base,2026-09-29
2027-01,Z058,701,ecommerce,base,2026-09-29
2027-01,Z059,449,ecommerce,base,2026-09-29
2027-01,Z060,474,ecommerce,base,2026-09-29
2027-02,Z001,3717,ecommerce,base,2026-09-29
2027-02,Z002,4485,ecommerce,base,2026-09-29
2027-02,Z003,4452,ecommerce,base,2026-09-29
2027-02,Z004,2763,ecommerce,base,2026-09-29
2027-02,Z005,3289,ecommerce,base,2026-09-29
2027-02,Z006,3447,ecommerce,base,2026-09-29
2027-02,Z007,5223,ecommerce,base,2026-09-29
2027-02,Z008,3655,ecommerce,base,2026-09-29
2027-02,Z009,3564,ecommerce,base,2026-09-29
2027-02,Z010,3911,ecommerce,base,2026-09-29
2027-02,Z011,2213,ecommerce,base,2026-09-29
2027-02,Z012,2710,ecommerce,base,2026-09-29
2027-02,Z013,2141,ecommerce,base,2026-09-29
2027-02,Z014,2850,ecommerce,base,2026-09-29
2027-02,Z015,1823,ecommerce,base,2026-09-29
2027-02,Z016,2897,ecommerce,base,2026-09-29
2027-02,Z017,1402,ecommerce,base,2026-09-29
2027-02,Z018,1642,ecommerce,base,2026-09-29
2027-02,Z019,1548,ecommerce,base,2026-09-29
2027-02,Z020,2070,ecommerce,base,2026-09-29
2027-02,Z021,2134,ecommerce,base,2026-09-29
2027-02,Z022,1347,ecommerce,base,2026-09-29
2027-02,Z023,2224,ecommerce,base,2026-09-29
2027-02,Z024,1115,ecommerce,base,2026-09-29
2027-02,Z025,2204,ecommerce,base,2026-09-29
2027-02,Z026,1679,ecommerce,base,2026-09-29
2027-02,Z027,1286,ecommerce,base,2026-09-29
2027-02,Z028,1789,ecommerce,base,2026-09-29
2027-02,Z029,1228,ecommerce,base,2026-09-29
2027-02,Z030,1459,ecommerce,base,2026-09-29
2027-02,Z031,761,ecommerce,base,2026-09-29
2027-02,Z032,973,ecommerce,base,2026-09-29
2027-02,Z033,1048,ecommerce,base,2026-09-29
2027-02,Z034,722,ecommerce,base,2026-09-29
2027-02,Z035,1136,ecommerce,base,2026-09-29
2027-02,Z036,717,ecommerce,base,2026-09-29
2027-02,Z037,682,ecommerce,base,2026-09-29
2027-02,Z038,681,ecommerce,base,2026-09-29
2027-02,Z039,1365,ecommerce,base,2026-09-29
2027-02,Z040,590,ecommerce,base,2026-09-29
2027-02,Z041,861,ecommerce,base,2026-09-29
2027-02,Z042,681,ecommerce,base,2026-09-29
2027-02,Z043,674,ecommerce,base,2026-09-29
2027-02,Z044,781,ecommerce,base,2026-09-29
2027-02,Z045,627,ecommerce,base,2026-09-29
2027-02,Z046,,ecommerce,base,2026-09-29
2027-02,Z047,642,ecommerce,base,2026-09-29
2027-02,Z048,570,ecommerce,base,2026-09-29
2027-02,Z049,553,ecommerce,base,2026-09-29
2027-02,Z050,639,ecommerce,base,2026-09-29
2027-02,Z051,381,ecommerce,base,2026-09-29
2027-02,Z052,558,ecommerce,base,2026-09-29
2027-02,Z053,465,ecommerce,base,2026-09-29
2027-02,Z054,502,ecommerce,base,2026-09-29
2027-02,Z055,462,ecommerce,base,2026-09-29
2027-02,Z056,332,ecommerce,base,2026-09-29
2027-02,Z057,512,ecommerce,base,2026-09-29
2027-02,Z058,608,ecommerce,base,2026-09-29
2027-02,Z059,408,ecommerce,base,2026-09-29
2027-02,Z060,442,ecommerce,base,2026-09-29
2027-03,Z001,3714,ecommerce,base,2026-09-29
2027-03,Z002,4848,ecommerce,base,2026-09-29
2027-03,Z003,4455,ecommerce,base,2026-09-29
2027-03,Z004,2854,ecommerce,base,2026-09-29
2027-03,Z005,3368,ecommerce,base,2026-09-29
2027-03,Z006,3602,ecommerce,base,2026-09-29
2027-03,Z007,5354,ecommerce,base,2026-09-29
2027-03,Z008,4472,ecommerce,base,2026-09-29
2027-03,Z009,3415,ecommerce,base,2026-09-29
2027-03,Z010,4480,ecommerce,base,2026-09-29
2027-03,Z011,2298,ecommerce,base,2026-09-29
2027-03,Z012,2966,ecommerce,base,2026-09-29
2027-03,Z013,2404,ecommerce,base,2026-09-29
2027-03,Z014,2779,ecommerce,base,2026-09-29
2027-03,Z015,1922,ecommerce,base,2026-09-29
2027-03,Z016,2986,ecommerce,base,2026-09-29
2027-03,Z017,1482,ecommerce,base,2026-09-29
2027-03,Z018,1637,ecommerce,base,2026-09-29
2027-03,Z019,1765,ecommerce,base,2026-09-29
2027-03,Z020,2349,ecommerce,base,2026-09-29
2027-03,Z021,1966,ecommerce,base,2026-09-29
2027-03,Z022,1502,ecommerce,base,2026-09-29
2027-03,Z023,99000,ecommerce,base,2026-09-29
2027-03,Z024,1231,ecommerce,base,2026-09-29
2027-03,Z025,2350,ecommerce,base,2026-09-29
2027-03,Z026,1647,ecommerce,base,2026-09-29
2027-03,Z027,1361,ecommerce,base,2026-09-29
2027-03,Z028,2065,ecommerce,base,2026-09-29
2027-03,Z029,1533,ecommerce,base,2026-09-29
2027-03,Z030,1636,ecommerce,base,2026-09-29
2027-03,Z031,800,ecommerce,base,2026-09-29
2027-03,Z032,1047,ecommerce,base,2026-09-29
2027-03,Z033,1092,ecommerce,base,2026-09-29
2027-03,Z034,782,ecommerce,base,2026-09-29
2027-03,Z035,1155,ecommerce,base,2026-09-29
2027-03,Z036,809,ecommerce,base,2026-09-29
2027-03,Z037,653,ecommerce,base,2026-09-29
2027-03,Z038,634,ecommerce,base,2026-09-29
2027-03,Z039,1254,ecommerce,base,2026-09-29
2027-03,Z040,631,ecommerce,base,2026-09-29
2027-03,Z041,992,ecommerce,base,2026-09-29
2027-03,Z042,716,ecommerce,base,2026-09-29
2027-03,Z043,711,ecommerce,base,2026-09-29
2027-03,Z044,713,ecommerce,base,2026-09-29
2027-03,Z045,747,ecommerce,base,2026-09-29
2027-03,Z046,788,ecommerce,base,2026-09-29
2027-03,Z047,730,ecommerce,base,2026-09-29
2027-03,Z048,626,ecommerce,base,2026-09-29
2027-03,Z049,606,ecommerce,base,2026-09-29
2027-03,Z050,608,ecommerce,base,2026-09-29
2027-03,Z051,449,ecommerce,base,2026-09-29
2027-03,Z052,627,ecommerce,base,2026-09-29
2027-03,Z053,485,ecommerce,base,2026-09-29
2027-03,Z054,474,ecommerce,base,2026-09-29
2027-03,Z055,474,ecommerce,base,2026-09-29
2027-03,Z056,337,ecommerce,base,2026-09-29
2027-03,Z057,520,ecommerce,base,2026-09-29
2027-03,Z058,682,ecommerce,base,2026-09-29
2027-03,Z059,457,ecommerce,base,2026-09-29
2027-03,Z060,473,ecommerce,base,2026-09-29
2027-04,Z001,3883,ecommerce,base,2026-09-29
2027-04,Z002,4867,ecommerce,base,2026-09-29
2027-04,Z003,4964,ecommerce,base,2026-09-29
2027-04,Z004,3027,ecommerce,base,2026-09-29
2027-04,Z005,3305,ecommerce,base,2026-09-29
2027-04,Z006,3747,ecommerce,base,2026-09-29
2027-04,Z007,5372,ecommerce,base,2026-09-29
2027-04,Z008,4616,ecommerce,base,2026-09-29
2027-04,Z009,3741,ecommerce,base,2026-09-29
2027-04,Z010,4589,ecommerce,base,2026-09-29
2027-04,Z011,2256,ecommerce,base,2026-09-29
2027-04,Z012,3027,ecommerce,base,2026-09-29
2027-04,Z013,2502,ecommerce,base,2026-09-29
2027-04,Z014,3216,ecommerce,base,2026-09-29
2027-04,Z015,1922,ecommerce,base,2026-09-29
2027-04,Z016,3224,ecommerce,base,2026-09-29
2027-04,Z017,1537,ecommerce,base,2026-09-29
2027-04,Z018,1668,ecommerce,base,2026-09-29
2027-04,Z019,1630,ecommerce,base,2026-09-29
2027-04,Z020,2415,ecommerce,base,2026-09-29
2027-04,Z021,2198,ecommerce,base,2026-09-29
2027-04,Z022,1372,ecommerce,base,2026-09-29
2027-04,Z023,2196,ecommerce,base,2026-09-29
2027-04,Z024,1394,ecommerce,base,2026-09-29
2027-04,Z025,2394,ecommerce,base,2026-09-29
2027-04,Z026,1898,ecommerce,base,2026-09-29
2027-04,Z027,1391,ecommerce,base,2026-09-29
2027-04,Z028,1890,ecommerce,base,2026-09-29
2027-04,Z029,1573,ecommerce,base,2026-09-29
2027-04,Z030,1649,ecommerce,base,2026-09-29
2027-04,Z031,956,ecommerce,base,2026-09-29
2027-04,Z032,1175,ecommerce,base,2026-09-29
2027-04,Z033,1159,ecommerce,base,2026-09-29
2027-04,Z034,826,ecommerce,base,2026-09-29
2027-04,Z035,1222,ecommerce,base,2026-09-29
2027-04,Z036,743,ecommerce,base,2026-09-29
2027-04,Z037,628,ecommerce,base,2026-09-29
2027-04,Z038,659,ecommerce,base,2026-09-29
2027-04,Z039,1415,ecommerce,base,2026-09-29
2027-04,Z040,685,ecommerce,base,2026-09-29
2027-04,Z041,947,ecommerce,base,2026-09-29
2027-04,Z042,779,ecommerce,base,2026-09-29
2027-04,Z043,853,ecommerce,base,2026-09-29
2027-04,Z044,754,ecommerce,base,2026-09-29
2027-04,Z045,778,ecommerce,base,2026-09-29
2027-04,Z046,735,ecommerce,base,2026-09-29
2027-04,Z047,771,ecommerce,base,2026-09-29
2027-04,Z048,627,ecommerce,base,2026-09-29
2027-04,Z049,586,ecommerce,base,2026-09-29
2027-04,Z050,597,ecommerce,base,2026-09-29
2027-04,Z051,442,ecommerce,base,2026-09-29
2027-04,Z052,651,ecommerce,base,2026-09-29
2027-04,Z053,493,ecommerce,base,2026-09-29
2027-04,Z054,512,ecommerce,base,2026-09-29
2027-04,Z055,569,ecommerce,base,2026-09-29
2027-04,Z056,378,ecommerce,base,2026-09-29
2027-04,Z057,614,ecommerce,base,2026-09-29
2027-04,Z058,666,ecommerce,base,2026-09-29
2027-04,Z059,448,ecommerce,base,2026-09-29
2027-04,Z060,464,ecommerce,base,2026-09-29
2027-05,Z001,3888,ecommerce,base,2026-09-29
2027-05,Z002,5439,ecommerce,base,2026-09-29
2027-05,Z003,5089,ecommerce,base,2026-09-29
2027-05,Z004,3395,ecommerce,base,2026-09-29
2027-05,Z005,3585,ecommerce,base,2026-09-29
2027-05,Z006,4336,ecommerce,base,2026-09-29
2027-05,Z007,5927,ecommerce,base,2026-09-29
2027-05,Z008,4142,ecommerce,base,2026-09-29
2027-05,Z009,3686,ecommerce,base,2026-09-29
2027-05,Z010,4548,ecommerce,base,2026-09-29
2027-05,Z011,2122,ecommerce,base,2026-09-29
2027-05,Z012,2985,ecommerce,base,2026-09-29
2027-05,Z013,2218,ecommerce,base,2026-09-29
2027-05,Z014,3310,ecommerce,base,2026-09-29
2027-05,Z015,1838,ecommerce,base,2026-09-29
2027-05,Z016,3223,ecommerce,base,2026-09-29
2027-05,Z017,1454,ecommerce,base,2026-09-29
2027-05,Z018,2039,ecommerce,base,2026-09-29
2027-05,Z019,1736,ecommerce,base,2026-09-29
2027-05,Z020,2552,ecommerce,base,2026-09-29
2027-05,Z021,2231,ecommerce,base,2026-09-29
2027-05,Z022,1540,ecommerce,base,2026-09-29
2027-05,Z023,2596,ecommerce,base,2026-09-29
2027-05,Z024,1428,ecommerce,base,2026-09-29
2027-05,Z025,2409,ecommerce,base,2026-09-29
2027-05,Z026,1960,ecommerce,base,2026-09-29
2027-05,Z027,1652,ecommerce,base,2026-09-29
2027-05,Z028,2114,ecommerce,base,2026-09-29
2027-05,Z029,1569,ecommerce,base,2026-09-29
2027-05,Z030,1522,ecommerce,base,2026-09-29
2027-05,Z031,931,ecommerce,base,2026-09-29
2027-05,Z032,1196,ecommerce,base,2026-09-29
2027-05,Z033,1111,ecommerce,base,2026-09-29
2027-05,Z034,749,ecommerce,base,2026-09-29
2027-05,Z035,1282,ecommerce,base,2026-09-29
2027-05,Z036,897,ecommerce,base,2026-09-29
2027-05,Z037,729,ecommerce,base,2026-09-29
2027-05,Z038,777,ecommerce,base,2026-09-29
2027-05,Z039,1355,ecommerce,base,2026-09-29
2027-05,Z040,689,ecommerce,base,2026-09-29
2027-05,Z041,1019,ecommerce,base,2026-09-29
2027-05,Z042,702,ecommerce,base,2026-09-29
2027-05,Z043,882,ecommerce,base,2026-09-29
2027-05,Z044,774,ecommerce,base,2026-09-29
2027-05,Z045,733,ecommerce,base,2026-09-29
2027-05,Z046,727,ecommerce,base,2026-09-29
2027-05,Z047,814,ecommerce,base,2026-09-29
2027-05,Z048,593,ecommerce,base,2026-09-29
2027-05,Z049,589,ecommerce,base,2026-09-29
2027-05,Z050,723,ecommerce,base,2026-09-29
2027-05,Z051,,ecommerce,base,2026-09-29
2027-05,Z052,652,ecommerce,base,2026-09-29
2027-05,Z053,537,ecommerce,base,2026-09-29
2027-05,Z054,521,ecommerce,base,2026-09-29
2027-05,Z055,542,ecommerce,base,2026-09-29
2027-05,Z056,366,ecommerce,base,2026-09-29
2027-05,Z057,618,ecommerce,base,2026-09-29
2027-05,Z058,798,ecommerce,base,2026-09-29
2027-05,Z059,471,ecommerce,base,2026-09-29
2027-05,Z060,470,ecommerce,base,2026-09-29
2027-06,Z001,3790,ecommerce,base,2026-09-29
2027-06,Z002,4695,ecommerce,base,2026-09-29
2027-06,Z003,4496,ecommerce,base,2026-09-29
2027-06,Z004,3026,ecommerce,base,2026-09-29
2027-06,Z005,3247,ecommerce,base,2026-09-29
2027-06,Z006,3550,ecommerce,base,2026-09-29
2027-06,Z007,5446,ecommerce,base,2026-09-29
2027-06,Z008,4208,ecommerce,base,2026-09-29
2027-06,Z009,3284,ecommerce,base,2026-09-29
2027-06,Z010,4370,ecommerce,base,2026-09-29
2027-06,Z011,2024,ecommerce,base,2026-09-29
2027-06,Z012,2913,ecommerce,base,2026-09-29
2027-06,Z013,2153,ecommerce,base,2026-09-29
2027-06,Z014,2967,ecommerce,base,2026-09-29
2027-06,Z015,1757,ecommerce,base,2026-09-29
2027-06,Z016,2971,ecommerce,base,2026-09-29
2027-06,Z017,1518,ecommerce,base,2026-09-29
2027-06,Z018,1811,ecommerce,base,2026-09-29
2027-06,Z019,1780,ecommerce,base,2026-09-29
2027-06,Z020,2498,ecommerce,base,2026-09-29
2027-06,Z021,1945,ecommerce,base,2026-09-29
2027-06,Z022,1550,ecommerce,base,2026-09-29
2027-06,Z023,2225,ecommerce,base,2026-09-29
2027-06,Z024,1349,ecommerce,base,2026-09-29
2027-06,Z025,2334,ecommerce,base,2026-09-29
2027-06,Z026,1870,ecommerce,base,2026-09-29
2027-06,Z027,1534,ecommerce,base,2026-09-29
2027-06,Z028,1947,ecommerce,base,2026-09-29
2027-06,Z029,1382,ecommerce,base,2026-09-29
2027-06,Z030,1405,ecommerce,base,2026-09-29
2027-06,Z031,949,ecommerce,base,2026-09-29
2027-06,Z032,1076,ecommerce,base,2026-09-29
2027-06,Z033,1134,ecommerce,base,2026-09-29
2027-06,Z034,779,ecommerce,base,2026-09-29
2027-06,Z035,1279,ecommerce,base,2026-09-29
2027-06,Z036,762,ecommerce,base,2026-09-29
2027-06,Z037,719,ecommerce,base,2026-09-29
2027-06,Z038,711,ecommerce,base,2026-09-29
2027-06,Z039,1261,ecommerce,base,2026-09-29
2027-06,Z040,683,ecommerce,base,2026-09-29
2027-06,Z041,872,ecommerce,base,2026-09-29
2027-06,Z042,678,ecommerce,base,2026-09-29
2027-06,Z043,825,ecommerce,base,2026-09-29
2027-06,Z044,854,ecommerce,base,2026-09-29
2027-06,Z045,731,ecommerce,base,2026-09-29
2027-06,Z046,727,ecommerce,base,2026-09-29
2027-06,Z047,753,ecommerce,base,2026-09-29
2027-06,Z048,617,ecommerce,base,2026-09-29
2027-06,Z049,527,ecommerce,base,2026-09-29
2027-06,Z050,691,ecommerce,base,2026-09-29
2027-06,Z051,428,ecommerce,base,2026-09-29
2027-06,Z052,628,ecommerce,base,2026-09-29
2027-06,Z053,472,ecommerce,base,2026-09-29
2027-06,Z054,481,ecommerce,base,2026-09-29
2027-06,Z055,480,ecommerce,base,2026-09-29
2027-06,Z056,355,ecommerce,base,2026-09-29
2027-06,Z057,588,ecommerce,base,2026-09-29
2027-06,Z058,683,ecommerce,base,2026-09-29
2027-06,Z059,509,ecommerce,base,2026-09-29
2027-06,Z060,445,ecommerce,base,2026-09-29
2027-07,Z001,3940,ecommerce,base,2026-09-29
2027-07,Z002,4456,ecommerce,base,2026-09-29
2027-07,Z003,4748,ecommerce,base,2026-09-29
2027-07,Z004,3131,ecommerce,base,2026-09-29
2027-07,Z005,3062,ecommerce,base,2026-09-29
2027-07,Z006,3911,ecommerce,base,2026-09-29
2027-07,Z007,4731,ecommerce,base,2026-09-29
2027-07,Z008,4075,ecommerce,base,2026-09-29
2027-07,Z009,3852,ecommerce,base,2026-09-29
2027-07,Z010,4373,ecommerce,base,2026-09-29
2027-07,Z011,2115,ecommerce,base,2026-09-29
2027-07,Z012,2938,ecommerce,base,2026-09-29
2027-07,Z013,2428,ecommerce,base,2026-09-29
2027-07,Z014,2815,ecommerce,base,2026-09-29
2027-07,Z015,1840,ecommerce,base,2026-09-29
2027-07,Z016,2858,ecommerce,base,2026-09-29
2027-07,Z017,1372,ecommerce,base,2026-09-29
2027-07,Z018,1590,ecommerce,base,2026-09-29
2027-07,Z019,1629,ecommerce,base,2026-09-29
2027-07,Z020,2209,ecommerce,base,2026-09-29
2027-07,Z021,2052,ecommerce,base,2026-09-29
2027-07,Z022,1331,ecommerce,base,2026-09-29
2027-07,Z023,2241,ecommerce,base,2026-09-29
2027-07,Z024,1173,ecommerce,base,2026-09-29
2027-07,Z025,2129,ecommerce,base,2026-09-29
2027-07,Z026,1737,ecommerce,base,2026-09-29
2027-07,Z027,1425,ecommerce,base,2026-09-29
2027-07,Z028,1781,ecommerce,base,2026-09-29
2027-07,Z029,1411,ecommerce,base,2026-09-29
2027-07,Z030,1390,ecommerce,base,2026-09-29
2027-07,Z031,853,ecommerce,base,2026-09-29
2027-07,Z032,1128,ecommerce,base,2026-09-29
2027-07,Z033,1177,ecommerce,base,2026-09-29
2027-07,Z034,769,ecommerce,base,2026-09-29
2027-07,Z035,1093,ecommerce,base,2026-09-29
2027-07,Z036,727,ecommerce,base,2026-09-29
2027-07,Z037,667,ecommerce,base,2026-09-29
2027-07,Z038,728,ecommerce,base,2026-09-29
2027-07,Z039,1346,ecommerce,base,2026-09-29
2027-07,Z040,667,ecommerce,base,2026-09-29
2027-07,Z041,869,ecommerce,base,2026-09-29
2027-07,Z042,711,ecommerce,base,2026-09-29
2027-07,Z043,828,ecommerce,base,2026-09-29
2027-07,Z044,788,ecommerce,base,2026-09-29
2027-07,Z045,731,ecommerce,base,2026-09-29
2027-07,Z046,717,ecommerce,base,2026-09-29
2027-07,Z047,659,ecommerce,base,2026-09-29
2027-07,Z048,545,ecommerce,base,2026-09-29
2027-07,Z049,549,ecommerce,base,2026-09-29
2027-07,Z050,613,ecommerce,base,2026-09-29
2027-07,Z051,445,ecommerce,base,2026-09-29
2027-07,Z052,641,ecommerce,base,2026-09-29
2027-07,Z053,489,ecommerce,base,2026-09-29
2027-07,Z054,482,ecommerce,base,2026-09-29
2027-07,Z055,533,ecommerce,base,2026-09-29
2027-07,Z056,348,ecommerce,base,2026-09-29
2027-07,Z057,534,ecommerce,base,2026-09-29
2027-07,Z058,703,ecommerce,base,2026-09-29
2027-07,Z059,483,ecommerce,base,2026-09-29
2027-07,Z060,485,ecommerce,base,2026-09-29
2027-08,Z001,4281,ecommerce,base,2026-09-29
2027-08,Z002,4852,ecommerce,base,2026-09-29
2027-08,Z003,5285,ecommerce,base,2026-09-29
2027-08,Z004,3501,ecommerce,base,2026-09-29
2027-08,Z005,3383,ecommerce,base,2026-09-29
2027-08,Z006,3823,ecommerce,base,2026-09-29
2027-08,Z007,5892,ecommerce,base,2026-09-29
2027-08,Z008,4033,ecommerce,base,2026-09-29
2027-08,Z009,4096,ecommerce,base,2026-09-29
2027-08,Z010,5053,ecommerce,base,2026-09-29
2027-08,Z011,,ecommerce,base,2026-09-29
2027-08,Z012,3189,ecommerce,base,2026-09-29
2027-08,Z013,2413,ecommerce,base,2026-09-29
2027-08,Z014,3179,ecommerce,base,2026-09-29
2027-08,Z015,1929,ecommerce,base,2026-09-29
2027-08,Z016,3240,ecommerce,base,2026-09-29
2027-08,Z017,1586,ecommerce,base,2026-09-29
2027-08,Z018,1933,ecommerce,base,2026-09-29
2027-08,Z019,1880,ecommerce,base,2026-09-29
2027-08,Z020,2457,ecommerce,base,2026-09-29
2027-08,Z021,2078,ecommerce,base,2026-09-29
2027-08,Z022,1645,ecommerce,base,2026-09-29
2027-08,Z023,2585,ecommerce,base,2026-09-29
2027-08,Z024,1319,ecommerce,base,2026-09-29
2027-08,Z025,2347,ecommerce,base,2026-09-29
2027-08,Z026,1663,ecommerce,base,2026-09-29
2027-08,Z027,1436,ecommerce,base,2026-09-29
2027-08,Z028,2205,ecommerce,base,2026-09-29
2027-08,Z029,1633,ecommerce,base,2026-09-29
2027-08,Z030,1736,ecommerce,base,2026-09-29
2027-08,Z031,1008,ecommerce,base,2026-09-29
2027-08,Z032,1184,ecommerce,base,2026-09-29
2027-08,Z033,1173,ecommerce,base,2026-09-29
2027-08,Z034,837,ecommerce,base,2026-09-29
2027-08,Z035,1261,ecommerce,base,2026-09-29
2027-08,Z036,827,ecommerce,base,2026-09-29
2027-08,Z037,722,ecommerce,base,2026-09-29
2027-08,Z038,733,ecommerce,base,2026-09-29
2027-08,Z039,1374,ecommerce,base,2026-09-29
2027-08,Z040,668,ecommerce,base,2026-09-29
2027-08,Z041,968,ecommerce,base,2026-09-29
2027-08,Z042,719,ecommerce,base,2026-09-29
2027-08,Z043,797,ecommerce,base,2026-09-29
2027-08,Z044,832,ecommerce,base,2026-09-29
2027-08,Z045,716,ecommerce,base,2026-09-29
2027-08,Z046,801,ecommerce,base,2026-09-29
2027-08,Z047,757,ecommerce,base,2026-09-29
2027-08,Z048,614,ecommerce,base,2026-09-29
2027-08,Z049,603,ecommerce,base,2026-09-29
2027-08,Z050,617,ecommerce,base,2026-09-29
2027-08,Z051,481,ecommerce,base,2026-09-29
2027-08,Z052,618,ecommerce,base,2026-09-29
2027-08,Z053,556,ecommerce,base,2026-09-29
2027-08,Z054,503,ecommerce,base,2026-09-29
2027-08,Z055,547,ecommerce,base,2026-09-29
2027-08,Z056,343,ecommerce,base,2026-09-29
2027-08,Z057,563,ecommerce,base,2026-09-29
2027-08,Z058,783,ecommerce,base,2026-09-29
2027-08,Z059,502,ecommerce,base,2026-09-29
2027-08,Z060,515,ecommerce,base,2026-09-29
2027-09,Z001,4449,ecommerce,base,2026-09-29
2027-09,Z002,5291,ecommerce,base,2026-09-29
2027-09,Z003,5309,ecommerce,base,2026-09-29
2027-09,Z004,3706,ecommerce,base,2026-09-29
2027-09,Z005,3617,ecommerce,base,2026-09-29
2027-09,Z006,4444,ecommerce,base,2026-09-29
2027-09,Z007,5772,ecommerce,base,2026-09-29
2027-09,Z008,4703,ecommerce,base,2026-09-29
2027-09,Z009,3878,ecommerce,base,2026-09-29
2027-09,Z010,4529,ecommerce,base,2026-09-29
2027-09,Z011,2269,ecommerce,base,2026-09-29
2027-09,Z012,3339,ecommerce,base,2026-09-29
2027-09,Z013,2455,ecommerce,base,2026-09-29
2027-09,Z014,3463,ecommerce,base,2026-09-29
2027-09,Z015,1828,ecommerce,base,2026-09-29
2027-09,Z016,3538,ecommerce,base,2026-09-29
2027-09,Z017,1734,ecommerce,base,2026-09-29
2027-09,Z018,2086,ecommerce,base,2026-09-29
2027-09,Z019,1699,ecommerce,base,2026-09-29
2027-09,Z020,2693,ecommerce,base,2026-09-29
2027-09,Z021,2380,ecommerce,base,2026-09-29
2027-09,Z022,1533,ecommerce,base,2026-09-29
2027-09,Z023,2366,ecommerce,base,2026-09-29
2027-09,Z024,1293,ecommerce,base,2026-09-29
2027-09,Z025,2334,ecommerce,base,2026-09-29
2027-09,Z026,1958,ecommerce,base,2026-09-29
2027-09,Z027,1685,ecommerce,base,2026-09-29
2027-09,Z028,2040,ecommerce,base,2026-09-29
2027-09,Z029,1600,ecommerce,base,2026-09-29
2027-09,Z030,1695,ecommerce,base,2026-09-29
2027-09,Z031,1025,ecommerce,base,2026-09-29
2027-09,Z032,1144,ecommerce,base,2026-09-29
2027-09,Z033,1265,ecommerce,base,2026-09-29
2027-09,Z034,846,ecommerce,base,2026-09-29
2027-09,Z035,1265,ecommerce,base,2026-09-29
2027-09,Z036,917,ecommerce,base,2026-09-29
2027-09,Z037,722,ecommerce,base,2026-09-29
2027-09,Z038,819,ecommerce,base,2026-09-29
2027-09,Z039,1413,ecommerce,base,2026-09-29
2027-09,Z040,728,ecommerce,base,2026-09-29
2027-09,Z041,969,ecommerce,base,2026-09-29
2027-09,Z042,732,ecommerce,base,2026-09-29
2027-09,Z043,910,ecommerce,base,2026-09-29
2027-09,Z044,887,ecommerce,base,2026-09-29
2027-09,Z045,753,ecommerce,base,2026-09-29
2027-09,Z046,874,ecommerce,base,2026-09-29
2027-09,Z047,825,ecommerce,base,2026-09-29
2027-09,Z048,705,ecommerce,base,2026-09-29
2027-09,Z049,657,ecommerce,base,2026-09-29
2027-09,Z050,652,ecommerce,base,2026-09-29
2027-09,Z051,478,ecommerce,base,2026-09-29
2027-09,Z052,621,ecommerce,base,2026-09-29
2027-09,Z053,536,ecommerce,base,2026-09-29
2027-09,Z054,594,ecommerce,base,2026-09-29
2027-09,Z055,546,ecommerce,base,2026-09-29
2027-09,Z056,417,ecommerce,base,2026-09-29
2027-09,Z057,565,ecommerce,base,2026-09-29
2027-09,Z058,767,ecommerce,base,2026-09-29
2027-09,Z059,558,ecommerce,base,2026-09-29
2027-09,Z060,499,ecommerce,base,2026-09-29
