mes,evento,factor_demanda_plan,nota
2026-10,Demanda regular,1,Escenario sintético de planeación
2026-11,Demanda regular,1.07,Escenario sintético de planeación
2026-12,Campaña comercial,1.24,Escenario sintético de planeación
2027-01,Demanda regular,0.94,Escenario sintético de planeación
2027-02,Demanda regular,0.96,Escenario sintético de planeación
2027-03,Demanda regular,1.01,Escenario sintético de planeación
2027-04,Demanda regular,1.04,Escenario sintético de planeación
2027-05,Demanda regular,1.09,Escenario sintético de planeación
2027-06,Semana de descuentos,1.02,Escenario sintético de planeación
2027-07,Demanda regular,1.01,Escenario sintético de planeación
2027-08,Demanda regular,1.08,Escenario sintético de planeación
2027-09,Demanda regular,1.13,Escenario sintético de planeación
